value,count
air.convert.f.f32.u.i32,10097
air.convert.f.f32.s.i32,6300
air.get_read_sampler,5816
air.wg.barrier,3718
air.sample_texture_2d.v4f32,3133
air.read_texture_2d.v4f32,1998
llvm.lifetime.start.p0i8,1745
llvm.lifetime.end.p0i8,1745
llvm.dbg.value,1440
air.sample_texture_cube.v4f32,1402
air.sample_texture_3d.v4f32,1328
air.convert.u.i32.f.f32,1268
air.write_texture_2d.v4f32,1188
air.sample_texture_2d.v4f16,1070
air.convert.u.i1.f.f32,950
air.convert.f.f32.u.i16,858
air.convert.f.f32.s.i8,856
air.convert.f.f32.u.i8,856
air.convert.f.f32.s.i16,856
air.sample_texture_2d.s.v4i32,856
air.sample_texture_2d.u.v4i32,856
air.fast_rsqrt.f32,752
air.read_texture_2d.s.v4i32,642
air.read_texture_2d.u.v4i32,642
air.read_texture_3d.v4f32,642
air.sample_texture_3d.v4f16,642
air.sample_texture_3d.s.v4i32,642
air.sample_texture_3d.u.v4i32,642
air.sample_texture_cube.v4f16,642
air.sample_texture_cube.s.v4i32,642
air.sample_texture_cube.u.v4i32,642
air.atomic.global.store.i32,626
air.atomic.global.load.i32,626
air.atomic.global.add.u.i32,626
air.atomic.global.sub.u.i32,626
air.atomic.global.xchg.i32,626
air.atomic.global.cmpxchg.weak.i32,626
air.atomic.global.add.s.i32,626
air.atomic.global.min.s.i32,626
air.atomic.global.max.s.i32,626
air.atomic.global.min.u.i32,624
air.atomic.global.max.u.i32,624
air.gather_texture_2d.v4f32,554
air.sample_depth_2d.f32,546
air.read_texture_2d_ms.v4f32,546
air.fast_fabs.v4f32,504
air.fast_acos.v4f32,504
air.fast_asin.v4f32,504
air.fast_atan.v4f32,504
air.fast_ceil.v4f32,504
air.fast_cos.v4f32,504
air.fast_cosh.v4f32,504
air.fast_exp.v4f32,504
air.fast_exp2.v4f32,504
air.fast_floor.v4f32,504
air.fast_log.v4f32,504
air.fast_log2.v4f32,504
air.fast_rint.v4f32,504
air.fast_round.v4f32,504
air.fast_rsqrt.v4f32,504
air.fast_sin.v4f32,504
air.fast_sinh.v4f32,504
air.fast_sqrt.v4f32,504
air.fast_tan.v4f32,504
air.fast_tanh.v4f32,504
air.fast_trunc.v4f32,504
air.fast_clamp.v4f32,504
air.mix.v4f32,504
air.dot.v4f32,504
air.write_texture_3d.v4f32,428
air.gather_texture_2d.v4f16,428
air.read_texture_2d.v4f16,428
air.gather_texture_2d.s.v4i32,428
air.gather_texture_2d.u.v4i32,428
air.read_texture_1d.v4f32,428
air.read_texture_1d.v4f16,428
air.read_texture_1d.s.v4i32,428
air.read_texture_1d.u.v4i32,428
air.read_texture_3d.v4f16,428
air.read_texture_3d.s.v4i32,428
air.read_texture_3d.u.v4i32,428
___metal_fract_v4float,378
ld_visible_fn.MTL_VISIBLE_FN_REF,352
air.convert.f.f16.u.i32,350
air.convert.f.f32.u.i1,338
air.fast_fmax.f32,338
air.fast_fmin.f32,338
llvm.memcpy.p0i8.p0i8.i64,280
air.fast_sqrt.f32,248
llvm.ubsantrap,234
air.gather_depth_2d.v4f32,216
air.get_num_mip_levels_texture_3d,216
air.get_num_mip_levels_texture_cube,216
air.convert.s.i32.f.f32,215
air.convert.f.v4f16.f.v4f32,215
air.convert.f.v4f32.f.v4f16,215
air.get_width_texture_2d,215
air.get_width_texture_2d_array,215
air.get_width_texture_1d,215
air.get_width_texture_3d,215
air.get_width_texture_cube,215
air.convert.f.f16.u.i1,214
air.convert.f.f16.s.i8,214
air.convert.f.f16.u.i8,214
air.convert.f.f16.s.i16,214
air.convert.f.f16.u.i16,214
air.convert.f.f16.s.i32,214
air.convert.s.i8.f.f16,214
air.convert.u.i8.f.f16,214
air.convert.s.i16.f.f16,214
air.convert.u.i16.f.f16,214
air.convert.s.i32.f.f16,214
air.convert.u.i32.f.f16,214
air.convert.s.i8.f.f32,214
air.convert.u.i8.f.f32,214
air.convert.s.i16.f.f32,214
air.convert.u.i16.f.f32,214
air.convert.f.v2f16.f.v2f32,214
air.convert.f.v3f16.f.v3f32,214
air.convert.s.v2i32.f.v2f32,214
air.convert.s.v3i32.f.v3f32,214
air.convert.s.v4i32.f.v4f32,214
air.convert.u.v2i32.f.v2f32,214
air.convert.u.v3i32.f.v3f32,214
air.convert.u.v4i32.f.v4f32,214
air.convert.f.v2f32.f.v2f16,214
air.convert.f.v3f32.f.v3f16,214
air.convert.s.v2i32.f.v2f16,214
air.convert.s.v3i32.f.v3f16,214
air.convert.s.v4i32.f.v4f16,214
air.convert.u.v2i32.f.v2f16,214
air.convert.u.v3i32.f.v3f16,214
air.convert.u.v4i32.f.v4f16,214
air.convert.f.v2f32.s.v2i32,214
air.convert.f.v3f32.s.v3i32,214
air.convert.f.v4f32.s.v4i32,214
air.convert.f.v2f16.s.v2i32,214
air.convert.f.v3f16.s.v3i32,214
air.convert.f.v4f16.s.v4i32,214
air.convert.f.v2f32.u.v2i32,214
air.convert.f.v3f32.u.v3i32,214
air.convert.f.v4f32.u.v4i32,214
air.convert.f.v2f16.u.v2i32,214
air.convert.f.v3f16.u.v3i32,214
air.convert.f.v4f16.u.v4i32,214
air.sample_texture_2d_grad.v4f32,214
air.sample_texture_2d_grad.v4f16,214
air.write_texture_2d.v4f16,214
air.sample_texture_2d_grad.s.v4i32,214
air.write_texture_2d.s.v4i32,214
air.sample_texture_2d_grad.u.v4i32,214
air.write_texture_2d.u.v4i32,214
air.read_texture_2d_array.v4f32,214
air.read_texture_2d_array.v4f16,214
air.read_texture_2d_array.s.v4i32,214
air.read_texture_2d_array.u.v4i32,214
air.sample_texture_1d.v4f32,214
air.write_texture_1d.v4f32,214
air.sample_texture_1d.v4f16,214
air.write_texture_1d.v4f16,214
air.sample_texture_1d.s.v4i32,214
air.write_texture_1d.s.v4i32,214
air.sample_texture_1d.u.v4i32,214
air.write_texture_1d.u.v4i32,214
air.write_texture_3d.v4f16,214
air.write_texture_3d.s.v4i32,214
air.write_texture_3d.u.v4i32,214
air.get_height_texture_2d,214
air.get_num_mip_levels_texture_2d,214
air.get_height_texture_2d_array,214
air.get_array_size_texture_2d_array,214
air.get_num_mip_levels_texture_2d_array,214
air.get_num_mip_levels_texture_1d,214
air.get_height_texture_3d,214
air.get_depth_texture_3d,214
air.get_height_texture_cube,214
air.atomic.local.store.i32,214
air.atomic.local.add.u.i32,214
air.atomic.local.load.i32,214
llvm.memcpy.p0i8.p0i8.i32,184
llvm.dbg.declare,182
air.read_texture_cube.v4f32,166
air.read_texture_cube.v4f16,164
air.read_texture_cube.s.v4i32,164
air.read_texture_cube.u.v4i32,164
llvm.sadd.with.overflow.i32,156
air.fast_fract.v4f32,126
air.fast_saturate.f32,125
air.fabs.f16,124
air.sqrt.f16,124
air.rsqrt.f16,124
air.fast_pow.f32,124
air.fast_clamp.f32,124
air.mix.f32,124
air.fma.f32,124
air.fast_fabs.f32,124
air.fast_acos.f32,124
air.fast_asin.f32,124
air.fast_ceil.f32,124
air.fast_cos.f32,124
air.fast_exp.f32,124
air.fast_exp2.f32,124
air.fast_floor.f32,124
air.fast_fract.f32,124
air.fast_log.f32,124
air.fast_log2.f32,124
air.fast_round.f32,124
air.fast_sin.f32,124
air.fast_tan.f32,124
air.fast_trunc.f32,124
air.sign.f32,124
air.dot.v3f32,124
air.get_null_intersection_function_table,106
air.simd_prefix_exclusive_sum.u.i32,104
air.simd_prefix_inclusive_sum.u.i32,104
air.simd_prefix_exclusive_product.u.i32,104
air.simd_prefix_inclusive_product.u.i32,104
air.intersect.instancing,96
llvm.smul.with.overflow.i32,78
llvm.memcpy.p0i8.p1i8.i64,71
llvm.memcpy.p0i8.p1i8.i32,46
air.get_width_depth_2d,7
___metal_ilogb_float,5
air.read_depth_2d.f32,5
air.read_depth_2d_array.f32,4
air.sample_compare_depth_2d_array.f32,4
air.sample_compare_depth_2d.f32,4
air.sample_compare_depth_cube.f32,4
air.sample_depth_2d_grad.f32,4
air.allocate_intersection_query.instancing.triangle_data,4
air.deallocate_intersection_query.instancing.triangle_data,4
air.get_null_instance_acceleration_structure,4
air.intersect.instancing.triangle_data,4
air.get_height_depth_2d,3
air.get_width_depth_2d_array,3
air.get_width_depth_2d_ms_array,3
air.get_width_depth_cube_array,3
air.get_width_depth_cube,3
air.get_width_texture_cube_array,3
air.read_depth_2d_ms_array.f32,3
air.read_depth_cube_array.f32,3
air.read_depth_cube.f32,3
air.sample_compare_depth_2d_array_grad.f32,3
air.sample_compare_depth_2d_grad.f32,3
air.sample_compare_depth_cube_array.f32,3
air.sample_compare_depth_cube_array_grad.f32,3
air.sample_compare_depth_cube_grad.f32,3
air.sample_depth_cube_array.f32,3
air.sample_depth_cube_array_grad.f32,3
air.get_candidate_intersection_type_intersection_query.instancing.triangle_data,3
air.get_committed_intersection_type_intersection_query.instancing.triangle_data,3
air.intersect_direct_access.instancing.triangle_data,3
air.release_intersection_result.instancing.triangle_data,3
air.set_buffer_intersection_function_table.p1i8,3
air.set_fragment_buffer_render_command.p1i8,3
air.set_kernel_buffer_compute_command.p1i8,3
air.set_mesh_buffer_render_command.p1i8,3
air.set_object_buffer_render_command.p1i8,3
air.set_vertex_buffer_render_command.p1i8,3
air.get_size_visible_function_table,3
air.atomic_exchange_explicit_texture_buffer_1d.u.v4i32,2
air.atomic_fetch_add_explicit_texture_buffer_1d.u.v4i32,2
air.atomic_fetch_and_explicit_texture_buffer_1d.u.v4i32,2
air.atomic_fetch_max_explicit_texture_buffer_1d.u.v4i32,2
air.atomic_fetch_min_explicit_texture_buffer_1d.u.v4i32,2
air.atomic_fetch_or_explicit_texture_buffer_1d.u.v4i32,2
air.atomic_fetch_sub_explicit_texture_buffer_1d.u.v4i32,2
air.atomic_fetch_xor_explicit_texture_buffer_1d.u.v4i32,2
air.atomic_load_explicit_texture_buffer_1d.u.v4i32,2
air.atomic_store_explicit_texture_buffer_1d.u.v4i32,2
air.calculate_clamped_lod_depth_2d_array,2
air.calculate_clamped_lod_depth_2d,2
air.calculate_clamped_lod_depth_cube_array,2
air.calculate_clamped_lod_depth_cube,2
air.calculate_clamped_lod_texture_2d_array,2
air.calculate_clamped_lod_texture_2d,2
air.calculate_clamped_lod_texture_3d,2
air.calculate_clamped_lod_texture_cube_array,2
air.calculate_clamped_lod_texture_cube,2
air.calculate_unclamped_lod_depth_2d_array,2
air.calculate_unclamped_lod_depth_2d,2
air.calculate_unclamped_lod_depth_cube_array,2
air.calculate_unclamped_lod_depth_cube,2
air.calculate_unclamped_lod_texture_2d_array,2
air.calculate_unclamped_lod_texture_2d,2
air.calculate_unclamped_lod_texture_3d,2
air.calculate_unclamped_lod_texture_cube_array,2
air.calculate_unclamped_lod_texture_cube,2
air.fence_texture_1d_array,2
air.fence_texture_1d,2
air.fence_texture_2d_array,2
air.fence_texture_2d,2
air.fence_texture_3d,2
air.fence_texture_buffer_1d,2
air.fence_texture_cube_array,2
air.fence_texture_cube,2
air.gather_compare_depth_2d.f32,2
air.gather_compare_depth_cube_array.f32,2
air.gather_depth_cube_array.v4f32,2
air.get_array_size_depth_2d_array,2
air.get_array_size_depth_2d_ms_array,2
air.get_array_size_depth_cube_array,2
air.get_array_size_texture_cube_array,2
air.get_height_depth_2d_array,2
air.get_height_depth_2d_ms_array,2
air.get_height_depth_cube_array,2
air.get_height_depth_cube,2
air.get_height_texture_cube_array,2
air.get_num_mip_levels_depth_2d,2
air.get_num_mip_levels_depth_cube_array,2
air.get_num_mip_levels_texture_cube_array,2
air.get_num_samples_depth_2d_ms_array,2
air.read_texture_cube_array.v4f32,2
air.sample_texture_3d_grad.v4f32,2
air.sample_texture_cube_array.v4f32,2
air.sample_texture_cube_array_grad.v4f32,2
air.sample_texture_cube_grad.v4f32,2
air.atomic_compare_exchange_weak_explicit_texture_1d_array.u.v4i32,2
air.atomic_compare_exchange_weak_explicit_texture_1d.u.v4i32,2
air.atomic_compare_exchange_weak_explicit_texture_2d_array.u.v4i32,2
air.atomic_compare_exchange_weak_explicit_texture_2d.u.v4i32,2
air.atomic_compare_exchange_weak_explicit_texture_3d.u.v4i32,2
air.atomic_compare_exchange_weak_explicit_texture_buffer_1d.u.v4i32,2
air.atomic_compare_exchange_weak_explicit_texture_cube_array.u.v4i32,2
air.atomic_compare_exchange_weak_explicit_texture_cube.u.v4i32,2
air.gather_texture_2d_array.v4f32,2
air.gather_texture_cube_array.v4f32,2
air.gather_texture_cube.v4f32,2
air.quad_and.s.i32,2
air.quad_or.s.i32,2
air.quad_xor.s.i32,2
___metal_frexp_float_pthreadint32,2
air.atomic.global.and.s.i32,2
air.atomic.global.or.s.i32,2
air.atomic.global.sub.s.i32,2
air.atomic.global.xor.s.i32,2
air.is_null_instance_acceleration_structure,2
air.intersect_direct_access.instancing.triangle_data.curve_data,2
air.release_intersection_result.instancing.triangle_data.curve_data,2
air.get_curve_parameter_intersection_result.instancing.triangle_data.curve_data,2
air.get_distance_intersection_result.instancing.triangle_data,2
air.get_geometry_id_intersection_result.instancing.triangle_data,2
air.get_type_intersection_result.instancing.triangle_data,2
air.get_instance_id_intersection_result.instancing.triangle_data,2
air.intersect_direct_access.instancing.triangle_data.world_space_data,2
air.release_intersection_result.instancing.triangle_data.world_space_data,2
air.get_object_to_world_transform_intersection_result.instancing.triangle_data.world_space_data,2
air.get_primitive_id_intersection_result.instancing.triangle_data,2
air.get_ray_direction_intersection_result.instancing.triangle_data,2
air.get_ray_min_distance_intersection_result.instancing.triangle_data,2
air.get_ray_origin_intersection_result.instancing.triangle_data,2
air.get_triangle_barycentric_coord_intersection_result.instancing.triangle_data,2
air.get_user_instance_id_intersection_result.instancing.triangle_data,2
air.get_world_to_object_transform_intersection_result.instancing.triangle_data.world_space_data,2
air.is_triangle_front_facing_intersection_result.instancing.triangle_data,2
air.get_null_global_tensor,2
air.is_null_global_tensor,2
air.get_null_function_handle,2
air.get_null_visible_function_table,2
air.simdgroup_matrix_8x8_load.v64f32.p1f32,2
air.simdgroup_matrix_8x8_store.v64f32.p1f32,2
air.get_color_coverage_mask,2
__tracepoint_get_trace_buffer,2
air.all.v3i1,2
air.all.v4i1,2
air.any.v3i1,2
llvm.memcpy.p1.p0.i64,2
llvm.memcpy.p1.p1.i64,2
llvm.memcpy.p1.p2.i64,2
llvm.memcpy.p1.p3.i64,2
air.fast_fmax3.f32,1
air.fast_fmedian3.f32,1
air.fast_fmin3.f32,1
air.abs_diff.s.i8,1
air.add_sat.s.i8,1
air.extract_bits.s.i8,1
air.insert_bits.s.i8,1
air.mad_hi.s.i8,1
air.mad_sat.s.i8,1
air.max3.s.i8,1
air.median3.s.i8,1
air.min3.s.i8,1
air.mul_hi.s.i8,1
air.reverse_bits.i8,1
air.sub_sat.s.i8,1
air.pack.snorm2x16.v2f32,1
air.pack.snorm4x8.v4f32,1
air.pack.unorm2x16.v2f32,1
air.pack.unorm4x8.v4f32,1
air.pack.unorm4x8.srgb.v4f32,1
air.pack.unorm.rgb10a2.v4f32,1
air.pack.unorm.rgb565.v3f32,1
air.unpack.snorm2x16.v2f32,1
air.unpack.snorm4x8.v4f32,1
air.unpack.unorm2x16.v2f32,1
air.unpack.unorm4x8.v4f32,1
air.unpack.unorm4x8.srgb.v4f32,1
air.unpack.unorm.rgb10a2.v4f32,1
air.unpack.unorm.rgb565.v3f32,1
air.atomic_exchange_explicit_texture_cube_array.u.v4i32,1
air.atomic_exchange_explicit_texture_cube.u.v4i32,1
air.atomic_fetch_add_explicit_texture_cube_array.u.v4i32,1
air.atomic_fetch_add_explicit_texture_cube.u.v4i32,1
air.atomic_fetch_and_explicit_texture_cube_array.u.v4i32,1
air.atomic_fetch_and_explicit_texture_cube.u.v4i32,1
air.atomic_fetch_max_explicit_texture_cube_array.u.v4i32,1
air.atomic_fetch_max_explicit_texture_cube.u.v4i32,1
air.atomic_fetch_min_explicit_texture_cube_array.u.v4i32,1
air.atomic_fetch_min_explicit_texture_cube.u.v4i32,1
air.atomic_fetch_or_explicit_texture_cube_array.u.v4i32,1
air.atomic_fetch_or_explicit_texture_cube.u.v4i32,1
air.atomic_fetch_sub_explicit_texture_cube_array.u.v4i32,1
air.atomic_fetch_sub_explicit_texture_cube.u.v4i32,1
air.atomic_fetch_xor_explicit_texture_cube_array.u.v4i32,1
air.atomic_fetch_xor_explicit_texture_cube.u.v4i32,1
air.atomic_load_explicit_texture_cube_array.u.v4i32,1
air.atomic_load_explicit_texture_cube.u.v4i32,1
air.atomic_store_explicit_texture_cube_array.u.v4i32,1
air.atomic_store_explicit_texture_cube.u.v4i32,1
air.get_num_samples_depth_2d_ms,1
air.write_texture_cube_array.i16.v4f32,1
air.write_texture_cube.i16.v4f32,1
air.dfdx.f16,1
air.dfdy.f16,1
air.discard_fragment,1
air.fwidth.f16,1
air.get_num_samples.i32,1
air.simdgroup.barrier,1
air.is_null_texture_cube_array,1
air.quad_broadcast.f32,1
air.quad_shuffle.f32,1
air.quad_shuffle_down.f32,1
air.quad_shuffle_up.f32,1
air.quad_shuffle_xor.f32,1
air.simd_broadcast.f32,1
air.simd_shuffle.f32,1
air.simd_shuffle_down.f32,1
air.simd_shuffle_up.f32,1
air.simd_shuffle_xor.f32,1
air.get_sample_position.v2f32,1
air.is_null_function_handle,1
air.pack.snorm.rgb10a2.v4f16,1
air.quad_active_threads_mask,1
air.quad_all,1
air.quad_any,1
air.quad_ballot,1
air.quad_is_first,1
air.quad_is_helper_thread,1
air.simd_active_threads_mask.i64,1
air.simd_all,1
air.simd_any,1
air.simd_ballot.i64,1
air.simd_is_first,1
air.simd_is_helper_thread,1
air.unpack.snorm.rgb10a2.v4f16,1
air.get_simdgroup_size.i16,1
air.simd_shuffle_and_fill_up.f32,1
air.is_null_depth_2d_array,1
air.is_null_depth_2d_ms_array,1
air.is_null_depth_2d_ms,1
air.is_null_depth_2d,1
air.is_null_depth_cube_array,1
air.is_null_depth_cube,1
air.is_null_texture_1d_array,1
air.is_null_texture_1d,1
air.is_null_texture_2d_array,1
air.is_null_texture_2d_ms_array,1
air.is_null_texture_2d_ms,1
air.is_null_texture_2d,1
air.is_null_texture_3d,1
air.is_null_texture_buffer_1d,1
air.is_null_texture_cube,1
air.quad_broadcast_first.f32,1
air.quad_max.f32,1
air.quad_min.f32,1
air.quad_prefix_exclusive_product.f32,1
air.quad_prefix_exclusive_sum.f32,1
air.quad_prefix_inclusive_product.f32,1
air.quad_prefix_inclusive_sum.f32,1
air.quad_product.f32,1
air.quad_shuffle_and_fill_down.f32,1
air.quad_shuffle_and_fill_up.f32,1
air.quad_shuffle_rotate_down.f32,1
air.quad_shuffle_rotate_up.f32,1
air.quad_sum.f32,1
air.simd_broadcast_first.f32,1
air.simd_max.f32,1
air.simd_min.f32,1
air.simd_prefix_exclusive_product.f32,1
air.simd_prefix_exclusive_sum.f32,1
air.simd_prefix_inclusive_product.f32,1
air.simd_prefix_inclusive_sum.f32,1
air.simd_product.f32,1
air.simd_shuffle_and_fill_down.f32,1
air.simd_shuffle_rotate_down.f32,1
air.simd_shuffle_rotate_up.f32,1
air.simd_sum.f32,1
air.simd_and.s.i32,1
air.simd_or.s.i32,1
air.simd_xor.s.i32,1
air.is_null_visible_function_table,1
air.is_null_intersection_function_table,1
air.allocate_intersection_query.instancing.triangle_data.curve_data,1
air.deallocate_intersection_query.instancing.triangle_data.curve_data,1
air.clear_barrier_compute_command,1
air.clear_barrier_render_command,1
air.concurrent_dispatch_threadgroups_compute_command,1
air.concurrent_dispatch_threads_compute_command,1
air.copy_compute_command,1
air.copy_render_command,1
air.draw_mesh_threadgroups_render_command,1
air.draw_mesh_threads_render_command,1
air.draw_primitives_render_command,1
air.reset_compute_command,1
air.reset_render_command,1
air.set_barrier_compute_command,1
air.set_barrier_render_command,1
air.set_cull_mode_render_command,1
air.set_depth_bias_render_command,1
air.set_depth_clip_mode_render_command,1
air.set_depth_stencil_state_render_command,1
air.set_imageblock_size_compute_command,1
air.set_object_threadgroup_memory_length_render_command,1
air.set_stage_in_region_compute_command,1
air.set_threadgroup_memory_length_compute_command,1
air.set_triangle_fill_mode_render_command,1
air.simd_vote_all.i64,1
air.simd_vote_any.i64,1
air.abort_intersection_query.instancing.triangle_data,1
air.commit_bounding_box_intersection_intersection_query.instancing.triangle_data,1
air.commit_curve_intersection_intersection_query.instancing.triangle_data.curve_data,1
air.commit_triangle_intersection_intersection_query.instancing.triangle_data,1
air.get_candidate_curve_distance_intersection_query.instancing.triangle_data.curve_data,1
air.get_candidate_curve_parameter_intersection_query.instancing.triangle_data.curve_data,1
air.get_candidate_geometry_id_intersection_query.instancing.triangle_data,1
air.get_candidate_instance_id_intersection_query.instancing.triangle_data,1
air.get_candidate_object_to_world_transform_intersection_query.instancing.triangle_data,1
air.get_candidate_primitive_id_intersection_query.instancing.triangle_data,1
air.get_candidate_ray_direction_intersection_query.instancing.triangle_data,1
air.get_candidate_ray_origin_intersection_query.instancing.triangle_data,1
air.get_candidate_triangle_barycentric_coord_intersection_query.instancing.triangle_data,1
air.get_candidate_triangle_distance_intersection_query.instancing.triangle_data,1
air.get_candidate_user_instance_id_intersection_query.instancing.triangle_data,1
air.get_candidate_world_to_object_transform_intersection_query.instancing.triangle_data,1
air.get_committed_curve_parameter_intersection_query.instancing.triangle_data.curve_data,1
air.get_committed_distance_intersection_query.instancing.triangle_data,1
air.get_committed_geometry_id_intersection_query.instancing.triangle_data,1
air.get_committed_instance_id_intersection_query.instancing.triangle_data,1
air.get_committed_object_to_world_transform_intersection_query.instancing.triangle_data,1
air.get_committed_primitive_id_intersection_query.instancing.triangle_data,1
air.get_committed_ray_direction_intersection_query.instancing.triangle_data,1
air.get_committed_ray_origin_intersection_query.instancing.triangle_data,1
air.get_committed_triangle_barycentric_coord_intersection_query.instancing.triangle_data,1
air.get_committed_user_instance_id_intersection_query.instancing.triangle_data,1
air.get_committed_world_to_object_transform_intersection_query.instancing.triangle_data,1
air.get_instance_count_instance_acceleration_structure,1
air.get_intersection_params_intersection_query.instancing.triangle_data,1
air.get_ray_min_distance_intersection_query.instancing.triangle_data,1
air.get_world_space_ray_direction_intersection_query.instancing.triangle_data,1
air.get_world_space_ray_origin_intersection_query.instancing.triangle_data,1
air.is_candidate_non_opaque_bounding_box_intersection_query.instancing.triangle_data,1
air.is_candidate_triangle_front_facing_intersection_query.instancing.triangle_data,1
air.is_committed_triangle_front_facing_intersection_query.instancing.triangle_data,1
air.get_size_intersection_function_table,1
air.interpolate_center_no_perspective.f32,1
air.interpolate_center_perspective.f32,1
air.interpolate_centroid_no_perspective.f32,1
air.interpolate_centroid_perspective.f32,1
air.interpolate_offset_no_perspective.f32,1
air.interpolate_offset_perspective.f32,1
air.interpolate_sample_no_perspective.f32,1
air.interpolate_sample_perspective.f32,1
air.pack.snorm1x16.f32,1
air.unpack.snorm1x16.f32,1
air.pack.unorm1x16.f32,1
air.unpack.unorm1x16.f32,1
air.pack.snorm1x8.f16,1
air.unpack.snorm1x8.f16,1
air.pack.unorm1x8.f16,1
air.unpack.unorm1x8.f16,1
air.pack.unorm.rg11b10f.v3f16,1
air.unpack.unorm.rg11b10f.v3f16,1
air.pack.snorm2x8.v2f16,1
air.unpack.snorm2x8.v2f16,1
air.pack.unorm2x8.v2f16,1
air.unpack.unorm2x8.v2f16,1
air.pack.unorm.rgb9e5.v3f16,1
air.unpack.unorm.rgb9e5.v3f16,1
air.pack.snorm4x16.v4f32,1
air.unpack.snorm4x16.v4f32,1
air.pack.unorm4x16.v4f32,1
air.unpack.unorm4x16.v4f32,1
air.get_stride_global_tensor.i32,1
air.load_global_tensor.s.i32.global.f32,1
air.store_global_tensor.s.i32.global.f32,1
air.get_data_pointer_typed_global_tensor.s.i32.global,1
air.get_descriptor_size_tensor,1
air.init_strided_private_tensor.i16.private,1
air.quad_vote_all,1
air.quad_vote_any,1
air.map_physical_to_screen_coordinates.v2f32.p2i8.i32,1
air.map_screen_to_physical_coordinates.v2f32.p2i8.i32,1
air.map_physical_to_screen_coordinates.v2i32.p2i8.i32,1
air.set_front_facing_winding_render_command,1
air.set_pipeline_state_render_command,1
air.set_pipeline_state_compute_command,1
air.is_equal_function_handle,1
air.draw_indexed_primitives_render_command.p1i32,1
air.draw_patches_render_command.p1i32.p1i8,1
air.draw_indexed_patches_render_command.p1i32.p1i8.p1i8,1
air.allocate_intersection_query.multi_level_instancing.triangle_data,1
air.deallocate_intersection_query.multi_level_instancing.triangle_data,1
air.get_candidate_instance_count_intersection_query.multi_level_instancing.triangle_data,1
air.get_committed_instance_count_intersection_query.multi_level_instancing.triangle_data,1
air.intersect_direct_access.multi_level_instancing.triangle_data,1
air.release_intersection_result.multi_level_instancing.triangle_data,1
air.get_instance_count_intersection_result.multi_level_instancing.triangle_data,1
air.set_threadgroups_per_grid_mesh_properties,1
air.set_index_mesh,1
air.set_indices_mesh.v4i8,1
air.set_primitive_count_mesh,1
air.set_position_mesh,1
air.set_primitive_id_mesh,1
air.get_vertex_value.f32,1
_Z2CP.MTL_CONTROL_POINT_FN,1
air.is_null_primitive_acceleration_structure,1
air.get_size_command_buffer,1
air.is_uniform.i32,1
llvm.assume,1
air.get_candidate_primitive_data_intersection_query.instancing.triangle_data,1
air.get_committed_primitive_data_intersection_query.instancing.triangle_data,1
air.get_primitive_data_intersection_result.instancing.triangle_data,1
air.reset_intersection_query.instancing.triangle_data,1
air.next_intersection_query.instancing.triangle_data,1
air.get_instance_acceleration_structure_instance_acceleration_structure,1
air.get_primitive_acceleration_structure_instance_acceleration_structure,1
air.get_buffer_intersection_function_table.p1i8,1
air.get_function_pointer_visible_function_table,1
air.is_function_constant_defined,1
air.implicit_imageblock_data,1
air.write_imageblock_slice_to_texture_1d.i16.v4f32,1
air.write_imageblock_slice_to_texture_1d_array.i16.v4f32,1
air.write_imageblock_slice_to_texture_2d.i16.v4f32,1
air.write_imageblock_slice_to_texture_2d_array.i16.v4f32,1
air.write_imageblock_slice_to_texture_3d.i16.v4f32,1
air.write_imageblock_slice_to_texture_cube.i16.v4f32,1
air.write_imageblock_slice_to_texture_cube_array.i16.v4f32,1
air.store.implicit_imageblock.mask.v4f32,1
air.get_null_texture_1d,1
air.get_null_texture_1d_array,1
air.get_width_texture_1d_array,1
air.get_null_texture_2d,1
air.get_null_texture_2d_array,1
air.get_null_texture_2d_ms,1
air.get_width_texture_2d_ms,1
air.get_null_texture_2d_ms_array,1
air.get_width_texture_2d_ms_array,1
air.get_null_texture_3d,1
air.get_null_texture_buffer_1d,1
air.get_width_texture_buffer_1d,1
air.get_null_texture_cube,1
air.get_null_texture_cube_array,1
air.get_null_depth_2d,1
air.get_null_depth_2d_ms,1
air.get_width_depth_2d_ms,1
air.get_null_depth_2d_array,1
air.get_null_depth_2d_ms_array,1
air.get_null_depth_cube,1
air.get_null_depth_cube_array,1
air.get_null_primitive_acceleration_structure,1
air.intersect.triangle_data,1
air.intersect_direct_access.triangle_data,1
air.release_intersection_result.triangle_data,1
air.release_intersect_payload.triangle_data,1
air.get_type_intersection_result.triangle_data,1
air.get_resource_id_instance_acceleration_structure,1
air.get_resource_id_primitive_acceleration_structure,1
air.atomic_max_explicit_texture_1d.i16.u.v4i64,1
air.atomic_min_explicit_texture_1d.i16.u.v4i64,1
air.atomic_max_explicit_texture_1d_array.i16.u.v4i64,1
air.atomic_min_explicit_texture_1d_array.i16.u.v4i64,1
air.atomic_max_explicit_texture_2d.i16.u.v4i64,1
air.atomic_min_explicit_texture_2d.i16.u.v4i64,1
air.atomic_max_explicit_texture_2d_array.i16.u.v4i64,1
air.atomic_min_explicit_texture_2d_array.i16.u.v4i64,1
air.atomic_max_explicit_texture_3d.i16.u.v4i64,1
air.atomic_min_explicit_texture_3d.i16.u.v4i64,1
air.atomic_max_explicit_texture_buffer_1d.i16.u.v4i64,1
air.atomic_min_explicit_texture_buffer_1d.i16.u.v4i64,1
air.atomic_max_explicit_texture_cube.i16.u.v4i64,1
air.atomic_min_explicit_texture_cube.i16.u.v4i64,1
air.atomic_max_explicit_texture_cube_array.i16.u.v4i64,1
air.atomic_min_explicit_texture_cube_array.i16.u.v4i64,1
air.get_imageblock_width,1
air.get_imageblock_height,1
air.get_imageblock_num_colors,1
air.get_imageblock_samples,1
air.load.implicit_imageblock.v4f32,1
air.store.implicit_imageblock.v4f32,1
air.store.implicit_imageblock.v4i32,1
air.imageblock_data,1
air.store.imageblock.mask.v4f16,1
air.store.imageblock.mask.i32,1
air.store.imageblock.mask.f32,1
air.atomic.global.max.u.i64,1
air.atomic.global.min.u.i64,1
air.simdgroup_matrix_8x8_init_diag.v64f32.f32,1
air.simdgroup_matrix_8x8_init_filled.v64f32.f32,1
air.simdgroup_matrix_8x8_multiply_accumulate.v64f32.v64f32.v64f32.v64f32,1
_Z24kernel_thread_tracepointPU11MTLconstantKjjDv3_j,1
_Z24vertex_thread_tracepointPU11MTLconstantKjjjjj,1
_Z26fragment_thread_tracepointPU11MTLconstantKjjDv4_fjj,1
_Z41post_tesselation_vertex_thread_tracepointPU11MTLconstantKjjjjDv3_fj,1
_Z24object_thread_tracepointPU11MTLconstantKjjDv3_j,1
_Z22mesh_thread_tracepointPU11MTLconstantKjjDv3_jS1_j,1
