builtin,arity,occurrences,all_arities,example
__metal_abort_intersection_query,2,1,2:1,"__metal_abort_intersection_query(_build_intersection_flags(Tags{}...), q)"
__metal_abs,1,48,1:48,"__metal_abs(x)"
__metal_absdiff,2,48,2:48,"__metal_absdiff(x, y)"
__metal_acos,2,30,2:30,"__metal_acos(x, __METAL_FAST_MATH__)"
__metal_acosh,2,30,2:30,"__metal_acosh(x, __METAL_FAST_MATH__)"
__metal_addsat,2,48,2:48,"__metal_addsat(x, y)"
__metal_all,1,6,1:6,"__metal_all(x)"
__metal_any,1,6,1:6,"__metal_any(x)"
__metal_asin,2,30,2:30,"__metal_asin(x, __METAL_FAST_MATH__)"
__metal_asinh,2,30,2:30,"__metal_asinh(x, __METAL_FAST_MATH__)"
__metal_atan,2,30,2:30,"__metal_atan(y_over_x, __METAL_FAST_MATH__)"
__metal_atan2,3,30,3:30,"__metal_atan2(y, x, __METAL_FAST_MATH__)"
__metal_atanh,2,30,2:30,"__metal_atanh(x, __METAL_FAST_MATH__)"
__metal_atomic_compare_exchange_weak_explicit,6,2,6:2,"__metal_atomic_compare_exchange_weak_explicit(&object->__s, &next_expected, decltype(object->__s)(desired), int(success), int(failure), __METAL_MEMORY_SCOPE_THR"
__metal_atomic_compare_exchange_weak_explicit_texture_1d_array_t,8,12,8:12,"__metal_atomic_compare_exchange_weak_explicit_texture_1d_array_t(derived.t, coord, array, expected, desired, __METAL_MEMORY_ORDER_RELAXED__, __METAL_MEMORY_ORDE"
__metal_atomic_compare_exchange_weak_explicit_texture_1d_t,7,12,7:12,"__metal_atomic_compare_exchange_weak_explicit_texture_1d_t(derived.t, coord, expected, desired, __METAL_MEMORY_ORDER_RELAXED__, __METAL_MEMORY_ORDER_RELAXED__, "
__metal_atomic_compare_exchange_weak_explicit_texture_2d_array_t,9,12,9:12,"__metal_atomic_compare_exchange_weak_explicit_texture_2d_array_t(derived.t, coord, array, ushort2(0), expected, desired, __METAL_MEMORY_ORDER_RELAXED__, __METAL"
__metal_atomic_compare_exchange_weak_explicit_texture_2d_t,8,12,8:12,"__metal_atomic_compare_exchange_weak_explicit_texture_2d_t(derived.t, coord, ushort2(0), expected, desired, __METAL_MEMORY_ORDER_RELAXED__, __METAL_MEMORY_ORDER"
__metal_atomic_compare_exchange_weak_explicit_texture_3d_t,8,12,8:12,"__metal_atomic_compare_exchange_weak_explicit_texture_3d_t(derived.t, coord, ushort3(0), expected, desired, __METAL_MEMORY_ORDER_RELAXED__, __METAL_MEMORY_ORDER"
__metal_atomic_compare_exchange_weak_explicit_texture_buffer_1d_t,7,12,7:12,"__metal_atomic_compare_exchange_weak_explicit_texture_buffer_1d_t(derived.t, coord, expected, desired, __METAL_MEMORY_ORDER_RELAXED__, __METAL_MEMORY_ORDER_RELA"
__metal_atomic_compare_exchange_weak_explicit_texture_cube_array_t,9,12,9:12,"__metal_atomic_compare_exchange_weak_explicit_texture_cube_array_t(derived.t, coord, face, array, expected, desired, __METAL_MEMORY_ORDER_RELAXED__, __METAL_MEM"
__metal_atomic_compare_exchange_weak_explicit_texture_cube_t,8,12,8:12,"__metal_atomic_compare_exchange_weak_explicit_texture_cube_t(derived.t, coord, face, expected, desired, __METAL_MEMORY_ORDER_RELAXED__, __METAL_MEMORY_ORDER_REL"
__metal_atomic_exchange_explicit,4,2,4:2,"__metal_atomic_exchange_explicit(&object->__s, decltype(object->__s)(desired), int(order), __METAL_MEMORY_SCOPE_THREADGROUP__)"
__metal_atomic_exchange_explicit_texture_1d_array_t,6,12,6:12,"__metal_atomic_exchange_explicit_texture_1d_array_t(derived.t, coord, array, desired, __METAL_MEMORY_ORDER_RELAXED__, int(a))"
__metal_atomic_exchange_explicit_texture_1d_t,5,12,5:12,"__metal_atomic_exchange_explicit_texture_1d_t(derived.t, coord, desired, __METAL_MEMORY_ORDER_RELAXED__, int(a))"
__metal_atomic_exchange_explicit_texture_2d_array_t,7,12,7:12,"__metal_atomic_exchange_explicit_texture_2d_array_t(derived.t, coord, array, ushort2(0), desired, __METAL_MEMORY_ORDER_RELAXED__, int(a))"
__metal_atomic_exchange_explicit_texture_2d_t,6,12,6:12,"__metal_atomic_exchange_explicit_texture_2d_t(derived.t, coord, ushort2(0), desired, __METAL_MEMORY_ORDER_RELAXED__, int(a))"
__metal_atomic_exchange_explicit_texture_3d_t,6,12,6:12,"__metal_atomic_exchange_explicit_texture_3d_t(derived.t, coord, ushort3(0), desired, __METAL_MEMORY_ORDER_RELAXED__, int(a))"
__metal_atomic_exchange_explicit_texture_buffer_1d_t,5,12,5:12,"__metal_atomic_exchange_explicit_texture_buffer_1d_t(derived.t, coord, desired, __METAL_MEMORY_ORDER_RELAXED__, int(a))"
__metal_atomic_exchange_explicit_texture_cube_array_t,7,12,7:12,"__metal_atomic_exchange_explicit_texture_cube_array_t(derived.t, coord, face, array, desired, __METAL_MEMORY_ORDER_RELAXED__, int(a))"
__metal_atomic_exchange_explicit_texture_cube_t,6,12,6:12,"__metal_atomic_exchange_explicit_texture_cube_t(derived.t, coord, face, desired, __METAL_MEMORY_ORDER_RELAXED__, int(a))"
__metal_atomic_fence,3,1,3:1,"__metal_atomic_fence(int(flags), int(order), int(scope))"
__metal_atomic_fetch_add_explicit,4,2,4:2,"__metal_atomic_fetch_add_explicit(&object->__s, T(operand), int(order), __METAL_MEMORY_SCOPE_THREADGROUP__)"
__metal_atomic_fetch_add_explicit_texture_1d_array_t,6,12,6:12,"__metal_atomic_fetch_add_explicit_texture_1d_array_t(derived.t, coord, array, operand, __METAL_MEMORY_ORDER_RELAXED__, int(a))"
__metal_atomic_fetch_add_explicit_texture_1d_t,5,12,5:12,"__metal_atomic_fetch_add_explicit_texture_1d_t(derived.t, coord, operand, __METAL_MEMORY_ORDER_RELAXED__, int(a))"
__metal_atomic_fetch_add_explicit_texture_2d_array_t,7,12,7:12,"__metal_atomic_fetch_add_explicit_texture_2d_array_t(derived.t, coord, array, ushort2(0), operand, __METAL_MEMORY_ORDER_RELAXED__, int(a))"
__metal_atomic_fetch_add_explicit_texture_2d_t,6,12,6:12,"__metal_atomic_fetch_add_explicit_texture_2d_t(derived.t, coord, ushort2(0), operand, __METAL_MEMORY_ORDER_RELAXED__, int(a))"
__metal_atomic_fetch_add_explicit_texture_3d_t,6,12,6:12,"__metal_atomic_fetch_add_explicit_texture_3d_t(derived.t, coord, ushort3(0), operand, __METAL_MEMORY_ORDER_RELAXED__, int(a))"
__metal_atomic_fetch_add_explicit_texture_buffer_1d_t,5,12,5:12,"__metal_atomic_fetch_add_explicit_texture_buffer_1d_t(derived.t, coord, operand, __METAL_MEMORY_ORDER_RELAXED__, int(a))"
__metal_atomic_fetch_add_explicit_texture_cube_array_t,7,12,7:12,"__metal_atomic_fetch_add_explicit_texture_cube_array_t(derived.t, coord, face, array, operand, __METAL_MEMORY_ORDER_RELAXED__, int(a))"
__metal_atomic_fetch_add_explicit_texture_cube_t,6,12,6:12,"__metal_atomic_fetch_add_explicit_texture_cube_t(derived.t, coord, face, operand, __METAL_MEMORY_ORDER_RELAXED__, int(a))"
__metal_atomic_fetch_and_explicit,4,2,4:2,"__metal_atomic_fetch_and_explicit(&object->__s, T(operand), int(order), __METAL_MEMORY_SCOPE_THREADGROUP__)"
__metal_atomic_fetch_and_explicit_texture_1d_array_t,6,12,6:12,"__metal_atomic_fetch_and_explicit_texture_1d_array_t(derived.t, coord, array, operand, __METAL_MEMORY_ORDER_RELAXED__, int(a))"
__metal_atomic_fetch_and_explicit_texture_1d_t,5,12,5:12,"__metal_atomic_fetch_and_explicit_texture_1d_t(derived.t, coord, operand, __METAL_MEMORY_ORDER_RELAXED__, int(a))"
__metal_atomic_fetch_and_explicit_texture_2d_array_t,7,12,7:12,"__metal_atomic_fetch_and_explicit_texture_2d_array_t(derived.t, coord, array, ushort2(0), operand, __METAL_MEMORY_ORDER_RELAXED__, int(a))"
__metal_atomic_fetch_and_explicit_texture_2d_t,6,12,6:12,"__metal_atomic_fetch_and_explicit_texture_2d_t(derived.t, coord, ushort2(0), operand, __METAL_MEMORY_ORDER_RELAXED__, int(a))"
__metal_atomic_fetch_and_explicit_texture_3d_t,6,12,6:12,"__metal_atomic_fetch_and_explicit_texture_3d_t(derived.t, coord, ushort3(0), operand, __METAL_MEMORY_ORDER_RELAXED__, int(a))"
__metal_atomic_fetch_and_explicit_texture_buffer_1d_t,5,12,5:12,"__metal_atomic_fetch_and_explicit_texture_buffer_1d_t(derived.t, coord, operand, __METAL_MEMORY_ORDER_RELAXED__, int(a))"
__metal_atomic_fetch_and_explicit_texture_cube_array_t,7,12,7:12,"__metal_atomic_fetch_and_explicit_texture_cube_array_t(derived.t, coord, face, array, operand, __METAL_MEMORY_ORDER_RELAXED__, int(a))"
__metal_atomic_fetch_and_explicit_texture_cube_t,6,12,6:12,"__metal_atomic_fetch_and_explicit_texture_cube_t(derived.t, coord, face, operand, __METAL_MEMORY_ORDER_RELAXED__, int(a))"
__metal_atomic_fetch_max_explicit,4,2,4:2,"__metal_atomic_fetch_max_explicit(&object->__s, T(operand), int(order), __METAL_MEMORY_SCOPE_THREADGROUP__)"
__metal_atomic_fetch_max_explicit_texture_1d_array_t,6,12,6:12,"__metal_atomic_fetch_max_explicit_texture_1d_array_t(derived.t, coord, array, operand, __METAL_MEMORY_ORDER_RELAXED__, int(a))"
__metal_atomic_fetch_max_explicit_texture_1d_t,5,12,5:12,"__metal_atomic_fetch_max_explicit_texture_1d_t(derived.t, coord, operand, __METAL_MEMORY_ORDER_RELAXED__, int(a))"
__metal_atomic_fetch_max_explicit_texture_2d_array_t,7,12,7:12,"__metal_atomic_fetch_max_explicit_texture_2d_array_t(derived.t, coord, array, ushort2(0), operand, __METAL_MEMORY_ORDER_RELAXED__, int(a))"
__metal_atomic_fetch_max_explicit_texture_2d_t,6,12,6:12,"__metal_atomic_fetch_max_explicit_texture_2d_t(derived.t, coord, ushort2(0), operand, __METAL_MEMORY_ORDER_RELAXED__, int(a))"
__metal_atomic_fetch_max_explicit_texture_3d_t,6,12,6:12,"__metal_atomic_fetch_max_explicit_texture_3d_t(derived.t, coord, ushort3(0), operand, __METAL_MEMORY_ORDER_RELAXED__, int(a))"
__metal_atomic_fetch_max_explicit_texture_buffer_1d_t,5,12,5:12,"__metal_atomic_fetch_max_explicit_texture_buffer_1d_t(derived.t, coord, operand, __METAL_MEMORY_ORDER_RELAXED__, int(a))"
__metal_atomic_fetch_max_explicit_texture_cube_array_t,7,12,7:12,"__metal_atomic_fetch_max_explicit_texture_cube_array_t(derived.t, coord, face, array, operand, __METAL_MEMORY_ORDER_RELAXED__, int(a))"
__metal_atomic_fetch_max_explicit_texture_cube_t,6,12,6:12,"__metal_atomic_fetch_max_explicit_texture_cube_t(derived.t, coord, face, operand, __METAL_MEMORY_ORDER_RELAXED__, int(a))"
__metal_atomic_fetch_min_explicit,4,2,4:2,"__metal_atomic_fetch_min_explicit(&object->__s, T(operand), int(order), __METAL_MEMORY_SCOPE_THREADGROUP__)"
__metal_atomic_fetch_min_explicit_texture_1d_array_t,6,12,6:12,"__metal_atomic_fetch_min_explicit_texture_1d_array_t(derived.t, coord, array, operand, __METAL_MEMORY_ORDER_RELAXED__, int(a))"
__metal_atomic_fetch_min_explicit_texture_1d_t,5,12,5:12,"__metal_atomic_fetch_min_explicit_texture_1d_t(derived.t, coord, operand, __METAL_MEMORY_ORDER_RELAXED__, int(a))"
__metal_atomic_fetch_min_explicit_texture_2d_array_t,7,12,7:12,"__metal_atomic_fetch_min_explicit_texture_2d_array_t(derived.t, coord, array, ushort2(0), operand, __METAL_MEMORY_ORDER_RELAXED__, int(a))"
__metal_atomic_fetch_min_explicit_texture_2d_t,6,12,6:12,"__metal_atomic_fetch_min_explicit_texture_2d_t(derived.t, coord, ushort2(0), operand, __METAL_MEMORY_ORDER_RELAXED__, int(a))"
__metal_atomic_fetch_min_explicit_texture_3d_t,6,12,6:12,"__metal_atomic_fetch_min_explicit_texture_3d_t(derived.t, coord, ushort3(0), operand, __METAL_MEMORY_ORDER_RELAXED__, int(a))"
__metal_atomic_fetch_min_explicit_texture_buffer_1d_t,5,12,5:12,"__metal_atomic_fetch_min_explicit_texture_buffer_1d_t(derived.t, coord, operand, __METAL_MEMORY_ORDER_RELAXED__, int(a))"
__metal_atomic_fetch_min_explicit_texture_cube_array_t,7,12,7:12,"__metal_atomic_fetch_min_explicit_texture_cube_array_t(derived.t, coord, face, array, operand, __METAL_MEMORY_ORDER_RELAXED__, int(a))"
__metal_atomic_fetch_min_explicit_texture_cube_t,6,12,6:12,"__metal_atomic_fetch_min_explicit_texture_cube_t(derived.t, coord, face, operand, __METAL_MEMORY_ORDER_RELAXED__, int(a))"
__metal_atomic_fetch_or_explicit,4,2,4:2,"__metal_atomic_fetch_or_explicit(&object->__s, T(operand), int(order), __METAL_MEMORY_SCOPE_THREADGROUP__)"
__metal_atomic_fetch_or_explicit_texture_1d_array_t,6,12,6:12,"__metal_atomic_fetch_or_explicit_texture_1d_array_t(derived.t, coord, array, operand, __METAL_MEMORY_ORDER_RELAXED__, int(a))"
__metal_atomic_fetch_or_explicit_texture_1d_t,5,12,5:12,"__metal_atomic_fetch_or_explicit_texture_1d_t(derived.t, coord, operand, __METAL_MEMORY_ORDER_RELAXED__, int(a))"
__metal_atomic_fetch_or_explicit_texture_2d_array_t,7,12,7:12,"__metal_atomic_fetch_or_explicit_texture_2d_array_t(derived.t, coord, array, ushort2(0), operand, __METAL_MEMORY_ORDER_RELAXED__, int(a))"
__metal_atomic_fetch_or_explicit_texture_2d_t,6,12,6:12,"__metal_atomic_fetch_or_explicit_texture_2d_t(derived.t, coord, ushort2(0), operand, __METAL_MEMORY_ORDER_RELAXED__, int(a))"
__metal_atomic_fetch_or_explicit_texture_3d_t,6,12,6:12,"__metal_atomic_fetch_or_explicit_texture_3d_t(derived.t, coord, ushort3(0), operand, __METAL_MEMORY_ORDER_RELAXED__, int(a))"
__metal_atomic_fetch_or_explicit_texture_buffer_1d_t,5,12,5:12,"__metal_atomic_fetch_or_explicit_texture_buffer_1d_t(derived.t, coord, operand, __METAL_MEMORY_ORDER_RELAXED__, int(a))"
__metal_atomic_fetch_or_explicit_texture_cube_array_t,7,12,7:12,"__metal_atomic_fetch_or_explicit_texture_cube_array_t(derived.t, coord, face, array, operand, __METAL_MEMORY_ORDER_RELAXED__, int(a))"
__metal_atomic_fetch_or_explicit_texture_cube_t,6,12,6:12,"__metal_atomic_fetch_or_explicit_texture_cube_t(derived.t, coord, face, operand, __METAL_MEMORY_ORDER_RELAXED__, int(a))"
__metal_atomic_fetch_sub_explicit,4,2,4:2,"__metal_atomic_fetch_sub_explicit(&object->__s, T(operand), int(order), __METAL_MEMORY_SCOPE_THREADGROUP__)"
__metal_atomic_fetch_sub_explicit_texture_1d_array_t,6,12,6:12,"__metal_atomic_fetch_sub_explicit_texture_1d_array_t(derived.t, coord, array, operand, __METAL_MEMORY_ORDER_RELAXED__, int(a))"
__metal_atomic_fetch_sub_explicit_texture_1d_t,5,12,5:12,"__metal_atomic_fetch_sub_explicit_texture_1d_t(derived.t, coord, operand, __METAL_MEMORY_ORDER_RELAXED__, int(a))"
__metal_atomic_fetch_sub_explicit_texture_2d_array_t,7,12,7:12,"__metal_atomic_fetch_sub_explicit_texture_2d_array_t(derived.t, coord, array, ushort2(0), operand, __METAL_MEMORY_ORDER_RELAXED__, int(a))"
__metal_atomic_fetch_sub_explicit_texture_2d_t,6,12,6:12,"__metal_atomic_fetch_sub_explicit_texture_2d_t(derived.t, coord, ushort2(0), operand, __METAL_MEMORY_ORDER_RELAXED__, int(a))"
__metal_atomic_fetch_sub_explicit_texture_3d_t,6,12,6:12,"__metal_atomic_fetch_sub_explicit_texture_3d_t(derived.t, coord, ushort3(0), operand, __METAL_MEMORY_ORDER_RELAXED__, int(a))"
__metal_atomic_fetch_sub_explicit_texture_buffer_1d_t,5,12,5:12,"__metal_atomic_fetch_sub_explicit_texture_buffer_1d_t(derived.t, coord, operand, __METAL_MEMORY_ORDER_RELAXED__, int(a))"
__metal_atomic_fetch_sub_explicit_texture_cube_array_t,7,12,7:12,"__metal_atomic_fetch_sub_explicit_texture_cube_array_t(derived.t, coord, face, array, operand, __METAL_MEMORY_ORDER_RELAXED__, int(a))"
__metal_atomic_fetch_sub_explicit_texture_cube_t,6,12,6:12,"__metal_atomic_fetch_sub_explicit_texture_cube_t(derived.t, coord, face, operand, __METAL_MEMORY_ORDER_RELAXED__, int(a))"
__metal_atomic_fetch_xor_explicit,4,2,4:2,"__metal_atomic_fetch_xor_explicit(&object->__s, T(operand), int(order), __METAL_MEMORY_SCOPE_THREADGROUP__)"
__metal_atomic_fetch_xor_explicit_texture_1d_array_t,6,12,6:12,"__metal_atomic_fetch_xor_explicit_texture_1d_array_t(derived.t, coord, array, operand, __METAL_MEMORY_ORDER_RELAXED__, int(a))"
__metal_atomic_fetch_xor_explicit_texture_1d_t,5,12,5:12,"__metal_atomic_fetch_xor_explicit_texture_1d_t(derived.t, coord, operand, __METAL_MEMORY_ORDER_RELAXED__, int(a))"
__metal_atomic_fetch_xor_explicit_texture_2d_array_t,7,12,7:12,"__metal_atomic_fetch_xor_explicit_texture_2d_array_t(derived.t, coord, array, ushort2(0), operand, __METAL_MEMORY_ORDER_RELAXED__, int(a))"
__metal_atomic_fetch_xor_explicit_texture_2d_t,6,12,6:12,"__metal_atomic_fetch_xor_explicit_texture_2d_t(derived.t, coord, ushort2(0), operand, __METAL_MEMORY_ORDER_RELAXED__, int(a))"
__metal_atomic_fetch_xor_explicit_texture_3d_t,6,12,6:12,"__metal_atomic_fetch_xor_explicit_texture_3d_t(derived.t, coord, ushort3(0), operand, __METAL_MEMORY_ORDER_RELAXED__, int(a))"
__metal_atomic_fetch_xor_explicit_texture_buffer_1d_t,5,12,5:12,"__metal_atomic_fetch_xor_explicit_texture_buffer_1d_t(derived.t, coord, operand, __METAL_MEMORY_ORDER_RELAXED__, int(a))"
__metal_atomic_fetch_xor_explicit_texture_cube_array_t,7,12,7:12,"__metal_atomic_fetch_xor_explicit_texture_cube_array_t(derived.t, coord, face, array, operand, __METAL_MEMORY_ORDER_RELAXED__, int(a))"
__metal_atomic_fetch_xor_explicit_texture_cube_t,6,12,6:12,"__metal_atomic_fetch_xor_explicit_texture_cube_t(derived.t, coord, face, operand, __METAL_MEMORY_ORDER_RELAXED__, int(a))"
__metal_atomic_load_explicit,3,2,3:2,"__metal_atomic_load_explicit(&object->__s, int(order), __METAL_MEMORY_SCOPE_THREADGROUP__)"
__metal_atomic_load_explicit_texture_1d_array_t,7,12,7:12,"__metal_atomic_load_explicit_texture_1d_array_t(derived.t, coord, array, __METAL_MEMORY_ORDER_RELAXED__, int(a), vec<T, 4>())"
__metal_atomic_load_explicit_texture_1d_t,6,12,6:12,"__metal_atomic_load_explicit_texture_1d_t(derived.t, coord, __METAL_MEMORY_ORDER_RELAXED__, int(a), vec<T, 4>())"
__metal_atomic_load_explicit_texture_2d_array_t,8,12,8:12,"__metal_atomic_load_explicit_texture_2d_array_t(derived.t, coord, array, ushort2(0), __METAL_MEMORY_ORDER_RELAXED__, int(a), vec<T, 4>())"
__metal_atomic_load_explicit_texture_2d_t,7,12,7:12,"__metal_atomic_load_explicit_texture_2d_t(derived.t, coord, ushort2(0), __METAL_MEMORY_ORDER_RELAXED__, int(a), vec<T, 4>())"
__metal_atomic_load_explicit_texture_3d_t,7,12,7:12,"__metal_atomic_load_explicit_texture_3d_t(derived.t, coord, ushort3(0), __METAL_MEMORY_ORDER_RELAXED__, int(a), vec<T, 4>())"
__metal_atomic_load_explicit_texture_buffer_1d_t,6,12,6:12,"__metal_atomic_load_explicit_texture_buffer_1d_t(derived.t, coord, __METAL_MEMORY_ORDER_RELAXED__, int(a), vec<T, 4>())"
__metal_atomic_load_explicit_texture_cube_array_t,8,12,8:12,"__metal_atomic_load_explicit_texture_cube_array_t(derived.t, coord, face, array, __METAL_MEMORY_ORDER_RELAXED__, int(a), vec<T, 4>())"
__metal_atomic_load_explicit_texture_cube_t,7,12,7:12,"__metal_atomic_load_explicit_texture_cube_t(derived.t, coord, face, __METAL_MEMORY_ORDER_RELAXED__, int(a), vec<T, 4>())"
__metal_atomic_max_explicit,4,1,4:1,"__metal_atomic_max_explicit(&object->__s, T(operand), int(order), __METAL_MEMORY_SCOPE_DEVICE__)"
__metal_atomic_max_explicit_texture_1d_array_t,6,12,6:12,"__metal_atomic_max_explicit_texture_1d_array_t(derived.t, coord, array, operand, __METAL_MEMORY_ORDER_RELAXED__, int(a))"
__metal_atomic_max_explicit_texture_1d_t,5,12,5:12,"__metal_atomic_max_explicit_texture_1d_t(derived.t, coord, operand, __METAL_MEMORY_ORDER_RELAXED__, int(a))"
__metal_atomic_max_explicit_texture_2d_array_t,7,12,7:12,"__metal_atomic_max_explicit_texture_2d_array_t(derived.t, coord, array, ushort2(0), operand, __METAL_MEMORY_ORDER_RELAXED__, int(a))"
__metal_atomic_max_explicit_texture_2d_t,6,12,6:12,"__metal_atomic_max_explicit_texture_2d_t(derived.t, coord, ushort2(0), operand, __METAL_MEMORY_ORDER_RELAXED__, int(a))"
__metal_atomic_max_explicit_texture_3d_t,6,12,6:12,"__metal_atomic_max_explicit_texture_3d_t(derived.t, coord, ushort3(0), operand, __METAL_MEMORY_ORDER_RELAXED__, int(a))"
__metal_atomic_max_explicit_texture_buffer_1d_t,5,12,5:12,"__metal_atomic_max_explicit_texture_buffer_1d_t(derived.t, coord, operand, __METAL_MEMORY_ORDER_RELAXED__, int(a))"
__metal_atomic_max_explicit_texture_cube_array_t,7,12,7:12,"__metal_atomic_max_explicit_texture_cube_array_t(derived.t, coord, face, array, operand, __METAL_MEMORY_ORDER_RELAXED__, int(a))"
__metal_atomic_max_explicit_texture_cube_t,6,12,6:12,"__metal_atomic_max_explicit_texture_cube_t(derived.t, coord, face, operand, __METAL_MEMORY_ORDER_RELAXED__, int(a))"
__metal_atomic_min_explicit,4,1,4:1,"__metal_atomic_min_explicit(&object->__s, T(operand), int(order), __METAL_MEMORY_SCOPE_DEVICE__)"
__metal_atomic_min_explicit_texture_1d_array_t,6,12,6:12,"__metal_atomic_min_explicit_texture_1d_array_t(derived.t, coord, array, operand, __METAL_MEMORY_ORDER_RELAXED__, int(a))"
__metal_atomic_min_explicit_texture_1d_t,5,12,5:12,"__metal_atomic_min_explicit_texture_1d_t(derived.t, coord, operand, __METAL_MEMORY_ORDER_RELAXED__, int(a))"
__metal_atomic_min_explicit_texture_2d_array_t,7,12,7:12,"__metal_atomic_min_explicit_texture_2d_array_t(derived.t, coord, array, ushort2(0), operand, __METAL_MEMORY_ORDER_RELAXED__, int(a))"
__metal_atomic_min_explicit_texture_2d_t,6,12,6:12,"__metal_atomic_min_explicit_texture_2d_t(derived.t, coord, ushort2(0), operand, __METAL_MEMORY_ORDER_RELAXED__, int(a))"
__metal_atomic_min_explicit_texture_3d_t,6,12,6:12,"__metal_atomic_min_explicit_texture_3d_t(derived.t, coord, ushort3(0), operand, __METAL_MEMORY_ORDER_RELAXED__, int(a))"
__metal_atomic_min_explicit_texture_buffer_1d_t,5,12,5:12,"__metal_atomic_min_explicit_texture_buffer_1d_t(derived.t, coord, operand, __METAL_MEMORY_ORDER_RELAXED__, int(a))"
__metal_atomic_min_explicit_texture_cube_array_t,7,12,7:12,"__metal_atomic_min_explicit_texture_cube_array_t(derived.t, coord, face, array, operand, __METAL_MEMORY_ORDER_RELAXED__, int(a))"
__metal_atomic_min_explicit_texture_cube_t,6,12,6:12,"__metal_atomic_min_explicit_texture_cube_t(derived.t, coord, face, operand, __METAL_MEMORY_ORDER_RELAXED__, int(a))"
__metal_atomic_store_explicit,4,2,4:2,"__metal_atomic_store_explicit(&object->__s, decltype(object->__s)(desired), int(order), __METAL_MEMORY_SCOPE_THREADGROUP__)"
__metal_atomic_store_explicit_texture_1d_array_t,6,12,6:12,"__metal_atomic_store_explicit_texture_1d_array_t(derived.t, color, coord, array, __METAL_MEMORY_ORDER_RELAXED__, int(a))"
__metal_atomic_store_explicit_texture_1d_t,5,12,5:12,"__metal_atomic_store_explicit_texture_1d_t(derived.t, color, coord, __METAL_MEMORY_ORDER_RELAXED__, int(a))"
__metal_atomic_store_explicit_texture_2d_array_t,7,12,7:12,"__metal_atomic_store_explicit_texture_2d_array_t(derived.t, color, coord, array, ushort2(0), __METAL_MEMORY_ORDER_RELAXED__, int(a))"
__metal_atomic_store_explicit_texture_2d_t,6,12,6:12,"__metal_atomic_store_explicit_texture_2d_t(derived.t, color, coord, ushort2(0), __METAL_MEMORY_ORDER_RELAXED__, int(a))"
__metal_atomic_store_explicit_texture_3d_t,6,12,6:12,"__metal_atomic_store_explicit_texture_3d_t(derived.t, color, coord, ushort3(0), __METAL_MEMORY_ORDER_RELAXED__, int(a))"
__metal_atomic_store_explicit_texture_buffer_1d_t,5,12,5:12,"__metal_atomic_store_explicit_texture_buffer_1d_t(derived.t, color, coord, __METAL_MEMORY_ORDER_RELAXED__, int(a))"
__metal_atomic_store_explicit_texture_cube_array_t,7,12,7:12,"__metal_atomic_store_explicit_texture_cube_array_t(derived.t, color, coord, face, array, __METAL_MEMORY_ORDER_RELAXED__, int(a))"
__metal_atomic_store_explicit_texture_cube_t,6,12,6:12,"__metal_atomic_store_explicit_texture_cube_t(derived.t, color, coord, face, __METAL_MEMORY_ORDER_RELAXED__, int(a))"
__metal_calculate_clamped_lod_depth_2d_array_t,4,6,4:6,"__metal_calculate_clamped_lod_depth_2d_array_t(derived.t, s.val, coord, int(a))"
__metal_calculate_clamped_lod_depth_2d_t,4,6,4:6,"__metal_calculate_clamped_lod_depth_2d_t(derived.t, s.val, coord, int(a))"
__metal_calculate_clamped_lod_depth_cube_array_t,4,6,4:6,"__metal_calculate_clamped_lod_depth_cube_array_t(derived.t, s.val, coord, int(a))"
__metal_calculate_clamped_lod_depth_cube_t,4,6,4:6,"__metal_calculate_clamped_lod_depth_cube_t(derived.t, s.val, coord, int(a))"
__metal_calculate_clamped_lod_texture_2d_array_t,4,6,4:6,"__metal_calculate_clamped_lod_texture_2d_array_t(derived.t, s.val, coord, int(a))"
__metal_calculate_clamped_lod_texture_2d_t,4,6,4:6,"__metal_calculate_clamped_lod_texture_2d_t(derived.t, s.val, coord, int(a))"
__metal_calculate_clamped_lod_texture_3d_t,4,6,4:6,"__metal_calculate_clamped_lod_texture_3d_t(derived.t, s.val, coord, int(a))"
__metal_calculate_clamped_lod_texture_cube_array_t,4,6,4:6,"__metal_calculate_clamped_lod_texture_cube_array_t(derived.t, s.val, coord, int(a))"
__metal_calculate_clamped_lod_texture_cube_t,4,6,4:6,"__metal_calculate_clamped_lod_texture_cube_t(derived.t, s.val, coord, int(a))"
__metal_calculate_unclamped_lod_depth_2d_array_t,4,6,4:6,"__metal_calculate_unclamped_lod_depth_2d_array_t(derived.t, s.val, coord, int(a))"
__metal_calculate_unclamped_lod_depth_2d_t,4,6,4:6,"__metal_calculate_unclamped_lod_depth_2d_t(derived.t, s.val, coord, int(a))"
__metal_calculate_unclamped_lod_depth_cube_array_t,4,6,4:6,"__metal_calculate_unclamped_lod_depth_cube_array_t(derived.t, s.val, coord, int(a))"
__metal_calculate_unclamped_lod_depth_cube_t,4,6,4:6,"__metal_calculate_unclamped_lod_depth_cube_t(derived.t, s.val, coord, int(a))"
__metal_calculate_unclamped_lod_texture_2d_array_t,4,6,4:6,"__metal_calculate_unclamped_lod_texture_2d_array_t(derived.t, s.val, coord, int(a))"
__metal_calculate_unclamped_lod_texture_2d_t,4,6,4:6,"__metal_calculate_unclamped_lod_texture_2d_t(derived.t, s.val, coord, int(a))"
__metal_calculate_unclamped_lod_texture_3d_t,4,6,4:6,"__metal_calculate_unclamped_lod_texture_3d_t(derived.t, s.val, coord, int(a))"
__metal_calculate_unclamped_lod_texture_cube_array_t,4,6,4:6,"__metal_calculate_unclamped_lod_texture_cube_array_t(derived.t, s.val, coord, int(a))"
__metal_calculate_unclamped_lod_texture_cube_t,4,6,4:6,"__metal_calculate_unclamped_lod_texture_cube_t(derived.t, s.val, coord, int(a))"
__metal_ceil,2,30,2:30,"__metal_ceil(x, __METAL_FAST_MATH__)"
__metal_clamp,3,48,3:48;4:30,"__metal_clamp(x, minval, maxval)"
__metal_clear_barrier_compute_command,2,1,2:1,"__metal_clear_barrier_compute_command(icb, icb_index)"
__metal_clear_barrier_render_command,2,1,2:1,"__metal_clear_barrier_render_command(icb, icb_index)"
__metal_clz,1,48,1:48,"__metal_clz(x)"
__metal_commit_bounding_box_intersection_intersection_query,3,1,3:1,"__metal_commit_bounding_box_intersection_intersection_query(_build_intersection_flags(Tags{}...), q, distance)"
__metal_commit_curve_intersection_intersection_query,2,1,2:1,"__metal_commit_curve_intersection_intersection_query(_build_intersection_flags(Tags{}...), q)"
__metal_commit_triangle_intersection_intersection_query,2,1,2:1,"__metal_commit_triangle_intersection_intersection_query(_build_intersection_flags(Tags{}...), q)"
__metal_concurrent_dispatch_threadgroups_compute_command,4,1,4:1,"__metal_concurrent_dispatch_threadgroups_compute_command(icb, icb_index, threadgroups_per_grid, threads_per_threadgroup)"
__metal_concurrent_dispatch_threads_compute_command,4,1,4:1,"__metal_concurrent_dispatch_threads_compute_command(icb, icb_index, threads_per_grid, threads_per_threadgroup)"
__metal_copy_compute_command,4,1,4:1,"__metal_copy_compute_command(icb, icb_index, that.icb, that.icb_index)"
__metal_copy_render_command,4,1,4:1,"__metal_copy_render_command(icb, icb_index, that.icb, that.icb_index)"
__metal_cos,2,30,2:30,"__metal_cos(x, __METAL_FAST_MATH__)"
__metal_cosh,2,30,2:30,"__metal_cosh(x, __METAL_FAST_MATH__)"
__metal_cospi,2,30,2:30,"__metal_cospi(x, __METAL_FAST_MATH__)"
__metal_ctz,1,48,1:48,"__metal_ctz(x)"
__metal_descriptor_size_tensor,2,1,2:1,"__metal_descriptor_size_tensor(__tensor_detail::__tensor_safe_extents<EXTENTS_TYPE>::rank(), \ sizeof(typename __tensor_detail::__tensor_safe_extents<EXTENTS_TY"
__metal_dfdx,1,12,1:12,"__metal_dfdx(p)"
__metal_dfdy,1,12,1:12,"__metal_dfdy(p)"
__metal_discard_fragment,0,1,0:1,"__metal_discard_fragment()"
__metal_divide,3,30,3:30,"__metal_divide(x, y, __METAL_FAST_MATH__)"
__metal_dot,2,15,2:15,"__metal_dot(x, y)"
__metal_draw_indexed_patches_render_command,12,16,12:16,"__metal_draw_indexed_patches_render_command(icb, icb_index, num_patch_control_points, patch_start, patch_count, patch_index_buffer, control_point_index_buffer, "
__metal_draw_indexed_primitives_render_command,8,2,8:2,"__metal_draw_indexed_primitives_render_command(icb, icb_index, uint(type), index_count, index_buffer, instance_count, base_vertex, base_instance)"
__metal_draw_mesh_threadgroups_render_command,5,1,5:1,"__metal_draw_mesh_threadgroups_render_command(icb, icb_index, threadgroups_per_grid, threads_per_object_threadgroup, threads_per_mesh_threadgroup)"
__metal_draw_mesh_threads_render_command,5,1,5:1,"__metal_draw_mesh_threads_render_command(icb, icb_index, threads_per_grid, threads_per_object_threadgroup, threads_per_mesh_threadgroup)"
__metal_draw_patches_render_command,11,8,11:8,"__metal_draw_patches_render_command(icb, icb_index, num_patch_control_points, patch_start, patch_count, patch_index_buffer, instance_count, base_instance, stati"
__metal_draw_primitives_render_command,7,1,7:1,"__metal_draw_primitives_render_command(icb, icb_index, uint(type), vertex_start, vertex_count, instance_count, base_instance)"
__metal_exp,2,30,2:30,"__metal_exp(x, __METAL_FAST_MATH__)"
__metal_exp10,2,30,2:30,"__metal_exp10(x, __METAL_FAST_MATH__)"
__metal_exp2,2,30,2:30,"__metal_exp2(x, __METAL_FAST_MATH__)"
__metal_extract_bits,3,48,3:48,"__metal_extract_bits(x, offset, bits)"
__metal_fabs,2,60,2:60,"__metal_fabs(x, __METAL_FAST_MATH__)"
__metal_fence_texture_1d_array_t,1,6,1:6,"__metal_fence_texture_1d_array_t(derived.t)"
__metal_fence_texture_1d_t,1,6,1:6,"__metal_fence_texture_1d_t(derived.t)"
__metal_fence_texture_2d_array_t,1,6,1:6,"__metal_fence_texture_2d_array_t(derived.t)"
__metal_fence_texture_2d_t,1,6,1:6,"__metal_fence_texture_2d_t(derived.t)"
__metal_fence_texture_3d_t,1,6,1:6,"__metal_fence_texture_3d_t(derived.t)"
__metal_fence_texture_buffer_1d_t,1,6,1:6,"__metal_fence_texture_buffer_1d_t(derived.t)"
__metal_fence_texture_cube_array_t,1,6,1:6,"__metal_fence_texture_cube_array_t(derived.t)"
__metal_fence_texture_cube_t,1,6,1:6,"__metal_fence_texture_cube_t(derived.t)"
__metal_floor,2,30,2:30,"__metal_floor(x, __METAL_FAST_MATH__)"
__metal_fma,3,30,3:30,"__metal_fma(x, y, z)"
__metal_fmax,3,60,3:60,"__metal_fmax(x, y, __METAL_FAST_MATH__)"
__metal_fmax3,4,60,4:60,"__metal_fmax3(x, y, z, __METAL_FAST_MATH__)"
__metal_fmedian3,4,60,4:60,"__metal_fmedian3(x, y, z, __METAL_FAST_MATH__)"
__metal_fmin,3,60,3:60,"__metal_fmin(x, y, __METAL_FAST_MATH__)"
__metal_fmin3,4,60,4:60,"__metal_fmin3(x, y, z, __METAL_FAST_MATH__)"
__metal_fmod,3,30,3:30,"__metal_fmod(x, y, __METAL_FAST_MATH__)"
__metal_fract,2,30,2:30,"__metal_fract(x, __METAL_FAST_MATH__)"
__metal_frexp,2,30,2:30,"__metal_frexp(x, &exp)"
__metal_fwidth,1,12,1:12,"__metal_fwidth(p)"
__metal_gather_compare_depth_2d_array_t,9,12,9:12,"__metal_gather_compare_depth_2d_array_t(derived.t, s.val, coord, array, compare_value, true, offset, int(a), static_cast<thread bool*>(nullptr))"
__metal_gather_compare_depth_2d_t,8,12,8:12,"__metal_gather_compare_depth_2d_t(derived.t, s.val, coord, compare_value, true, offset, int(a), static_cast<thread bool*>(nullptr))"
__metal_gather_compare_depth_cube_array_t,7,12,7:12,"__metal_gather_compare_depth_cube_array_t(derived.t, s.val, coord, array, compare_value, int(a), static_cast<thread bool*>(nullptr))"
__metal_gather_compare_depth_cube_t,6,12,6:12,"__metal_gather_compare_depth_cube_t(derived.t, s.val, coord, compare_value, int(a), static_cast<thread bool*>(nullptr))"
__metal_gather_depth_2d_array_t,8,12,8:12,"__metal_gather_depth_2d_array_t(derived.t, s.val, coord, array, true, offset, int(a), static_cast<thread bool*>(nullptr))"
__metal_gather_depth_2d_t,7,12,7:12,"__metal_gather_depth_2d_t(derived.t, s.val, coord, true, offset, int(a), static_cast<thread bool*>(nullptr))"
__metal_gather_depth_cube_array_t,6,12,6:12,"__metal_gather_depth_cube_array_t(derived.t, s.val, coord, array, int(a), static_cast<thread bool*>(nullptr))"
__metal_gather_depth_cube_t,5,12,5:12,"__metal_gather_depth_cube_t(derived.t, s.val, coord, int(a), static_cast<thread bool*>(nullptr))"
__metal_gather_texture_2d_array_t,11,12,11:12,"__metal_gather_texture_2d_array_t(derived.t, s.val, coord, array, true, offset, int(cmpt), int(a), static_cast<thread bool*>(nullptr), vec<T, 4>())"
__metal_gather_texture_2d_t,10,12,10:12,"__metal_gather_texture_2d_t(derived.t, s.val, coord, true, offset, int(cmpt), int(a), static_cast<thread bool*>(nullptr), vec<T, 4>())"
__metal_gather_texture_cube_array_t,9,12,9:12,"__metal_gather_texture_cube_array_t(derived.t, s.val, coord, array, int(cmpt), int(a), static_cast<thread bool*>(nullptr), vec<T, 4>())"
__metal_gather_texture_cube_t,8,12,8:12,"__metal_gather_texture_cube_t(derived.t, s.val, coord, int(cmpt), int(a), static_cast<thread bool*>(nullptr), vec<T, 4>())"
__metal_get_array_size_depth_2d_array_t,1,6,1:6,"__metal_get_array_size_depth_2d_array_t(derived.t)"
__metal_get_array_size_depth_2d_ms_array_t,1,6,1:6,"__metal_get_array_size_depth_2d_ms_array_t(derived.t)"
__metal_get_array_size_depth_cube_array_t,1,6,1:6,"__metal_get_array_size_depth_cube_array_t(derived.t)"
__metal_get_array_size_texture_1d_array_t,1,6,1:6,"__metal_get_array_size_texture_1d_array_t(derived.t)"
__metal_get_array_size_texture_2d_array_t,1,6,1:6,"__metal_get_array_size_texture_2d_array_t(derived.t)"
__metal_get_array_size_texture_2d_ms_array_t,1,6,1:6,"__metal_get_array_size_texture_2d_ms_array_t(derived.t)"
__metal_get_array_size_texture_cube_array_t,1,6,1:6,"__metal_get_array_size_texture_cube_array_t(derived.t)"
__metal_get_buffer_intersection_function_table,3,12,3:12,"__metal_get_buffer_intersection_function_table(t, index, T())"
__metal_get_candidate_curve_distance_intersection_query,2,1,2:1,"__metal_get_candidate_curve_distance_intersection_query(_build_intersection_flags(Tags{}...), q)"
__metal_get_candidate_curve_parameter_intersection_query,2,1,2:1,"__metal_get_candidate_curve_parameter_intersection_query(_build_intersection_flags(Tags{}...), derived->q)"
__metal_get_candidate_geometry_id_intersection_query,2,1,2:1,"__metal_get_candidate_geometry_id_intersection_query(_build_intersection_flags(Tags{}...), q)"
__metal_get_candidate_instance_count_intersection_query,2,1,2:1,"__metal_get_candidate_instance_count_intersection_query(_build_intersection_flags(Tags{}...), derived->q)"
__metal_get_candidate_instance_id_intersection_query,3,2,3:2,"__metal_get_candidate_instance_id_intersection_query(_build_intersection_flags(Tags{}...), derived->q, 0)"
__metal_get_candidate_intersection_type_intersection_query,2,1,2:1,"__metal_get_candidate_intersection_type_intersection_query(_build_intersection_flags(Tags{}...), q)"
__metal_get_candidate_object_to_world_transform_intersection_query,6,2,6:2,"__metal_get_candidate_object_to_world_transform_intersection_query(_build_intersection_flags(Tags{}...), derived->q, &result[0], &result[1], &result[2], &result"
__metal_get_candidate_primitive_data_intersection_query,2,1,2:1,"__metal_get_candidate_primitive_data_intersection_query(_build_intersection_flags(Tags{}...), q)"
__metal_get_candidate_primitive_id_intersection_query,2,1,2:1,"__metal_get_candidate_primitive_id_intersection_query(_build_intersection_flags(Tags{}...), q)"
__metal_get_candidate_ray_direction_intersection_query,2,1,2:1,"__metal_get_candidate_ray_direction_intersection_query(_build_intersection_flags(Tags{}...), q)"
__metal_get_candidate_ray_origin_intersection_query,2,1,2:1,"__metal_get_candidate_ray_origin_intersection_query(_build_intersection_flags(Tags{}...), q)"
__metal_get_candidate_triangle_barycentric_coord_intersection_query,2,1,2:1,"__metal_get_candidate_triangle_barycentric_coord_intersection_query(_build_intersection_flags(Tags{}...), derived->q)"
__metal_get_candidate_triangle_distance_intersection_query,2,1,2:1,"__metal_get_candidate_triangle_distance_intersection_query(_build_intersection_flags(Tags{}...), q)"
__metal_get_candidate_user_instance_id_intersection_query,3,2,3:2,"__metal_get_candidate_user_instance_id_intersection_query(_build_intersection_flags(Tags{}...), derived->q, 0)"
__metal_get_candidate_world_to_object_transform_intersection_query,6,2,6:2,"__metal_get_candidate_world_to_object_transform_intersection_query(_build_intersection_flags(Tags{}...), derived->q, &result[0], &result[1], &result[2], &result"
__metal_get_committed_curve_parameter_intersection_query,2,1,2:1,"__metal_get_committed_curve_parameter_intersection_query(_build_intersection_flags(Tags{}...), derived->q)"
__metal_get_committed_distance_intersection_query,2,1,2:1,"__metal_get_committed_distance_intersection_query(_build_intersection_flags(Tags{}...), q)"
__metal_get_committed_geometry_id_intersection_query,2,1,2:1,"__metal_get_committed_geometry_id_intersection_query(_build_intersection_flags(Tags{}...), q)"
__metal_get_committed_instance_count_intersection_query,2,1,2:1,"__metal_get_committed_instance_count_intersection_query(_build_intersection_flags(Tags{}...), derived->q)"
__metal_get_committed_instance_id_intersection_query,3,2,3:2,"__metal_get_committed_instance_id_intersection_query(_build_intersection_flags(Tags{}...), derived->q, 0)"
__metal_get_committed_intersection_type_intersection_query,2,1,2:1,"__metal_get_committed_intersection_type_intersection_query(_build_intersection_flags(Tags{}...), q)"
__metal_get_committed_object_to_world_transform_intersection_query,6,2,6:2,"__metal_get_committed_object_to_world_transform_intersection_query(_build_intersection_flags(Tags{}...), derived->q, &result[0], &result[1], &result[2], &result"
__metal_get_committed_primitive_data_intersection_query,2,1,2:1,"__metal_get_committed_primitive_data_intersection_query(_build_intersection_flags(Tags{}...), q)"
__metal_get_committed_primitive_id_intersection_query,2,1,2:1,"__metal_get_committed_primitive_id_intersection_query(_build_intersection_flags(Tags{}...), q)"
__metal_get_committed_ray_direction_intersection_query,2,1,2:1,"__metal_get_committed_ray_direction_intersection_query(_build_intersection_flags(Tags{}...), q)"
__metal_get_committed_ray_origin_intersection_query,2,1,2:1,"__metal_get_committed_ray_origin_intersection_query(_build_intersection_flags(Tags{}...), q)"
__metal_get_committed_triangle_barycentric_coord_intersection_query,2,1,2:1,"__metal_get_committed_triangle_barycentric_coord_intersection_query(_build_intersection_flags(Tags{}...), derived->q)"
__metal_get_committed_user_instance_id_intersection_query,3,2,3:2,"__metal_get_committed_user_instance_id_intersection_query(_build_intersection_flags(Tags{}...), derived->q, 0)"
__metal_get_committed_world_to_object_transform_intersection_query,6,2,6:2,"__metal_get_committed_world_to_object_transform_intersection_query(_build_intersection_flags(Tags{}...), derived->q, &result[0], &result[1], &result[2], &result"
__metal_get_control_point,3,1,3:1,"__metal_get_control_point(pcp, static_cast<uint>(pos), T())"
__metal_get_curve_parameter_intersection_result,2,1,2:1,"__metal_get_curve_parameter_intersection_result(_build_intersection_flags(Tags{}...), derived->result)"
__metal_get_data_pointer_tensor,4,8,4:8,"__metal_get_data_pointer_tensor(static_cast<const thread tensor_type *>(this)->handle(), get_rank(), add_pointer_t<element_type>(), static_cast<index_type>(stat"
__metal_get_depth_texture_3d_t,2,6,2:6,"__metal_get_depth_texture_3d_t(derived.t, lod)"
__metal_get_distance_intersection_result,2,1,2:1,"__metal_get_distance_intersection_result(_build_intersection_flags(Tags{}...), result)"
__metal_get_extent_tensor,4,4,4:4,"__metal_get_extent_tensor(self->handle(), extents_type::rank(), r, size_type())"
__metal_get_function_pointer_visible_function_table,2,6,2:6,"__metal_get_function_pointer_visible_function_table(t, idx)"
__metal_get_geometry_id_intersection_result,2,1,2:1,"__metal_get_geometry_id_intersection_result(_build_intersection_flags(Tags{}...), result)"
__metal_get_height_depth_2d_array_t,2,6,2:6,"__metal_get_height_depth_2d_array_t(derived.t, lod)"
__metal_get_height_depth_2d_ms_array_t,1,6,1:6,"__metal_get_height_depth_2d_ms_array_t(derived.t)"
__metal_get_height_depth_2d_ms_t,1,6,1:6,"__metal_get_height_depth_2d_ms_t(derived.t)"
__metal_get_height_depth_2d_t,2,6,2:6,"__metal_get_height_depth_2d_t(derived.t, lod)"
__metal_get_height_depth_cube_array_t,2,6,2:6,"__metal_get_height_depth_cube_array_t(derived.t, lod)"
__metal_get_height_depth_cube_t,2,6,2:6,"__metal_get_height_depth_cube_t(derived.t, lod)"
__metal_get_height_texture_2d_array_t,2,6,2:6,"__metal_get_height_texture_2d_array_t(derived.t, lod)"
__metal_get_height_texture_2d_ms_array_t,1,6,1:6,"__metal_get_height_texture_2d_ms_array_t(derived.t)"
__metal_get_height_texture_2d_ms_t,1,6,1:6,"__metal_get_height_texture_2d_ms_t(derived.t)"
__metal_get_height_texture_2d_t,2,6,2:6,"__metal_get_height_texture_2d_t(derived.t, lod)"
__metal_get_height_texture_3d_t,2,6,2:6,"__metal_get_height_texture_3d_t(derived.t, lod)"
__metal_get_height_texture_cube_array_t,2,6,2:6,"__metal_get_height_texture_cube_array_t(derived.t, lod)"
__metal_get_height_texture_cube_t,2,6,2:6,"__metal_get_height_texture_cube_t(derived.t, lod)"
__metal_get_imageblock_color_coverage_mask,3,1,3:1,"__metal_get_imageblock_color_coverage_mask(_imgblock, coord, color_index)"
__metal_get_imageblock_height,1,1,1:1,"__metal_get_imageblock_height(_imgblock)"
__metal_get_imageblock_num_colors,2,1,2:1,"__metal_get_imageblock_num_colors(_imgblock, coord)"
__metal_get_imageblock_samples,1,1,1:1,"__metal_get_imageblock_samples(_imgblock)"
__metal_get_imageblock_width,1,1,1:1,"__metal_get_imageblock_width(_imgblock)"
__metal_get_instance_acceleration_structure_instance_acceleration_structure,2,6,2:6,"__metal_get_instance_acceleration_structure_instance_acceleration_structure(derived.as, instance_id)"
__metal_get_instance_count_instance_acceleration_structure,1,6,1:6,"__metal_get_instance_count_instance_acceleration_structure(derived.as)"
__metal_get_instance_count_intersection_result,2,1,2:1,"__metal_get_instance_count_intersection_result(_build_intersection_flags(Tags{}...), derived->result)"
__metal_get_instance_id_intersection_result,3,2,3:2,"__metal_get_instance_id_intersection_result(_build_intersection_flags(Tags{}...), derived->result, (uchar)0)"
__metal_get_intersection_params_intersection_query,16,1,16:1,"__metal_get_intersection_params_intersection_query(_build_intersection_flags(Tags{}...), q, reinterpret_cast<thread uint *>(&params._triangle_front_facing_windi"
__metal_get_null_depth_2d_array_t,0,3,0:3,"__metal_get_null_depth_2d_array_t()"
__metal_get_null_depth_2d_ms_array_t,0,3,0:3,"__metal_get_null_depth_2d_ms_array_t()"
__metal_get_null_depth_2d_ms_t,0,3,0:3,"__metal_get_null_depth_2d_ms_t()"
__metal_get_null_depth_2d_t,0,3,0:3,"__metal_get_null_depth_2d_t()"
__metal_get_null_depth_cube_array_t,0,3,0:3,"__metal_get_null_depth_cube_array_t()"
__metal_get_null_depth_cube_t,0,3,0:3,"__metal_get_null_depth_cube_t()"
__metal_get_null_function_handle,0,8,0:8,"__metal_get_null_function_handle()"
__metal_get_null_instance_acceleration_structure,0,1,0:1,"__metal_get_null_instance_acceleration_structure()"
__metal_get_null_intersection_function_table,0,19,0:19,"__metal_get_null_intersection_function_table()"
__metal_get_null_primitive_acceleration_structure,0,1,0:1,"__metal_get_null_primitive_acceleration_structure()"
__metal_get_null_tensor,0,1,0:1,"__metal_get_null_tensor()"
__metal_get_null_texture_1d_array_t,0,3,0:3,"__metal_get_null_texture_1d_array_t()"
__metal_get_null_texture_1d_t,0,3,0:3,"__metal_get_null_texture_1d_t()"
__metal_get_null_texture_2d_array_t,0,3,0:3,"__metal_get_null_texture_2d_array_t()"
__metal_get_null_texture_2d_ms_array_t,0,3,0:3,"__metal_get_null_texture_2d_ms_array_t()"
__metal_get_null_texture_2d_ms_t,0,3,0:3,"__metal_get_null_texture_2d_ms_t()"
__metal_get_null_texture_2d_t,0,3,0:3,"__metal_get_null_texture_2d_t()"
__metal_get_null_texture_3d_t,0,3,0:3,"__metal_get_null_texture_3d_t()"
__metal_get_null_texture_buffer_1d_t,0,3,0:3,"__metal_get_null_texture_buffer_1d_t()"
__metal_get_null_texture_cube_array_t,0,3,0:3,"__metal_get_null_texture_cube_array_t()"
__metal_get_null_texture_cube_t,0,3,0:3,"__metal_get_null_texture_cube_t()"
__metal_get_null_visible_function_table,0,3,0:3,"__metal_get_null_visible_function_table()"
__metal_get_num_mip_levels_depth_2d_array_t,1,6,1:6,"__metal_get_num_mip_levels_depth_2d_array_t(derived.t)"
__metal_get_num_mip_levels_depth_2d_t,1,6,1:6,"__metal_get_num_mip_levels_depth_2d_t(derived.t)"
__metal_get_num_mip_levels_depth_cube_array_t,1,6,1:6,"__metal_get_num_mip_levels_depth_cube_array_t(derived.t)"
__metal_get_num_mip_levels_depth_cube_t,1,6,1:6,"__metal_get_num_mip_levels_depth_cube_t(derived.t)"
__metal_get_num_mip_levels_texture_1d_array_t,1,6,1:6,"__metal_get_num_mip_levels_texture_1d_array_t(derived.t)"
__metal_get_num_mip_levels_texture_1d_t,1,6,1:6,"__metal_get_num_mip_levels_texture_1d_t(derived.t)"
__metal_get_num_mip_levels_texture_2d_array_t,1,6,1:6,"__metal_get_num_mip_levels_texture_2d_array_t(derived.t)"
__metal_get_num_mip_levels_texture_2d_t,1,6,1:6,"__metal_get_num_mip_levels_texture_2d_t(derived.t)"
__metal_get_num_mip_levels_texture_3d_t,1,6,1:6,"__metal_get_num_mip_levels_texture_3d_t(derived.t)"
__metal_get_num_mip_levels_texture_cube_array_t,1,6,1:6,"__metal_get_num_mip_levels_texture_cube_array_t(derived.t)"
__metal_get_num_mip_levels_texture_cube_t,1,6,1:6,"__metal_get_num_mip_levels_texture_cube_t(derived.t)"
__metal_get_num_patch_control_points,0,1,0:1,"__metal_get_num_patch_control_points()"
__metal_get_num_samples,1,1,1:1,"__metal_get_num_samples(0)"
__metal_get_num_samples_depth_2d_ms_array_t,1,6,1:6,"__metal_get_num_samples_depth_2d_ms_array_t(derived.t)"
__metal_get_num_samples_depth_2d_ms_t,1,6,1:6,"__metal_get_num_samples_depth_2d_ms_t(derived.t)"
__metal_get_num_samples_texture_2d_ms_array_t,1,6,1:6,"__metal_get_num_samples_texture_2d_ms_array_t(derived.t)"
__metal_get_num_samples_texture_2d_ms_t,1,6,1:6,"__metal_get_num_samples_texture_2d_ms_t(derived.t)"
__metal_get_object_to_world_transform_intersection_result,6,1,6:1,"__metal_get_object_to_world_transform_intersection_result(_build_intersection_flags(Tags{}...), derived->result, &result[0], &result[1], &result[2], &result[3])"
__metal_get_primitive_acceleration_structure_instance_acceleration_structure,2,6,2:6,"__metal_get_primitive_acceleration_structure_instance_acceleration_structure(derived.as, instance_id)"
__metal_get_primitive_data_intersection_result,2,1,2:1,"__metal_get_primitive_data_intersection_result(_build_intersection_flags(Tags{}...), result)"
__metal_get_primitive_id_intersection_result,2,1,2:1,"__metal_get_primitive_id_intersection_result(_build_intersection_flags(Tags{}...), result)"
__metal_get_ray_direction_intersection_result,2,1,2:1,"__metal_get_ray_direction_intersection_result(_build_intersection_flags(Tags{}...), result)"
__metal_get_ray_min_distance_intersection_query,2,1,2:1,"__metal_get_ray_min_distance_intersection_query(_build_intersection_flags(Tags{}...), q)"
__metal_get_ray_min_distance_intersection_result,2,1,2:1,"__metal_get_ray_min_distance_intersection_result(_build_intersection_flags(Tags{}...), result)"
__metal_get_ray_origin_intersection_result,2,1,2:1,"__metal_get_ray_origin_intersection_result(_build_intersection_flags(Tags{}...), result)"
__metal_get_read_sampler,0,372,0:372,"__metal_get_read_sampler()"
__metal_get_resource_id_instance_acceleration_structure,1,1,1:1,"__metal_get_resource_id_instance_acceleration_structure(as)"
__metal_get_resource_id_primitive_acceleration_structure,1,1,1:1,"__metal_get_resource_id_primitive_acceleration_structure(as)"
__metal_get_sample_position,2,1,2:1,"__metal_get_sample_position(indx, 0)"
__metal_get_sampler,14,1,14:1,"__metal_get_sampler(s.s_address_v, s.t_address_v, s.r_address_v, s.mag_filter_v, s.min_filter_v, s.mip_filter_v, s.coord_v, s.compare_func_v, s.max_anisotropy_v"
__metal_get_simdgroup_size,1,4,1:4,"__metal_get_simdgroup_size(ushort())"
__metal_get_size_command_buffer,1,6,1:6,"__metal_get_size_command_buffer(t)"
__metal_get_size_intersection_function_table,1,6,1:6,"__metal_get_size_intersection_function_table(t)"
__metal_get_size_visible_function_table,1,6,1:6,"__metal_get_size_visible_function_table(t)"
__metal_get_stride_tensor,4,4,4:4,"__metal_get_stride_tensor(static_cast<const thread tensor_type *>(this)->handle(), extents_type::rank(), r, size_type())"
__metal_get_tensor_handle,1,1,1:1,"__metal_get_tensor_handle(this)"
__metal_get_triangle_barycentric_coord_intersection_result,2,1,2:1,"__metal_get_triangle_barycentric_coord_intersection_result(_build_intersection_flags(Tags{}...), derived->result)"
__metal_get_type_intersection_result,2,2,2:2,"__metal_get_type_intersection_result(_build_intersection_flags(Tags{}...), derived->result)"
__metal_get_user_instance_id_intersection_result,3,2,3:2,"__metal_get_user_instance_id_intersection_result(_build_intersection_flags(Tags{}...), derived->result, (uchar)0)"
__metal_get_vertex_value,3,1,3:1,"__metal_get_vertex_value(impl, int(i), T())"
__metal_get_visible_function_table_intersection_function_table,2,6,2:6,"__metal_get_visible_function_table_intersection_function_table(t, index)"
__metal_get_width_depth_2d_array_t,2,6,2:6,"__metal_get_width_depth_2d_array_t(derived.t, lod)"
__metal_get_width_depth_2d_ms_array_t,1,6,1:6,"__metal_get_width_depth_2d_ms_array_t(derived.t)"
__metal_get_width_depth_2d_ms_t,1,6,1:6,"__metal_get_width_depth_2d_ms_t(derived.t)"
__metal_get_width_depth_2d_t,2,6,2:6,"__metal_get_width_depth_2d_t(derived.t, lod)"
__metal_get_width_depth_cube_array_t,2,6,2:6,"__metal_get_width_depth_cube_array_t(derived.t, lod)"
__metal_get_width_depth_cube_t,2,6,2:6,"__metal_get_width_depth_cube_t(derived.t, lod)"
__metal_get_width_texture_1d_array_t,2,6,2:6,"__metal_get_width_texture_1d_array_t(derived.t, lod)"
__metal_get_width_texture_1d_t,2,6,2:6,"__metal_get_width_texture_1d_t(derived.t, lod)"
__metal_get_width_texture_2d_array_t,2,6,2:6,"__metal_get_width_texture_2d_array_t(derived.t, lod)"
__metal_get_width_texture_2d_ms_array_t,1,6,1:6,"__metal_get_width_texture_2d_ms_array_t(derived.t)"
__metal_get_width_texture_2d_ms_t,1,6,1:6,"__metal_get_width_texture_2d_ms_t(derived.t)"
__metal_get_width_texture_2d_t,2,6,2:6,"__metal_get_width_texture_2d_t(derived.t, lod)"
__metal_get_width_texture_3d_t,2,6,2:6,"__metal_get_width_texture_3d_t(derived.t, lod)"
__metal_get_width_texture_buffer_1d_t,1,6,1:6,"__metal_get_width_texture_buffer_1d_t(derived.t)"
__metal_get_width_texture_cube_array_t,2,6,2:6,"__metal_get_width_texture_cube_array_t(derived.t, lod)"
__metal_get_width_texture_cube_t,2,6,2:6,"__metal_get_width_texture_cube_t(derived.t, lod)"
__metal_get_world_space_ray_direction_intersection_query,2,1,2:1,"__metal_get_world_space_ray_direction_intersection_query(_build_intersection_flags(Tags{}...), q)"
__metal_get_world_space_ray_origin_intersection_query,2,1,2:1,"__metal_get_world_space_ray_origin_intersection_query(_build_intersection_flags(Tags{}...), q)"
__metal_get_world_to_object_transform_intersection_result,6,1,6:1,"__metal_get_world_to_object_transform_intersection_result(_build_intersection_flags(Tags{}...), derived->result, &result[0], &result[1], &result[2], &result[3])"
__metal_hadd,2,48,2:48,"__metal_hadd(x, y)"
__metal_ilogb,2,30,2:30,"__metal_ilogb(x, __METAL_FAST_MATH__)"
__metal_imageblock_explicit_data,5,4,5:4,"__metal_imageblock_explicit_data(_imgblock, uint(0), coord, ushort(0), T())"
__metal_imageblock_explicit_mask_write,3,1,3:1,"__metal_imageblock_explicit_mask_write(data(coord), color_coverage_mask, &t)"
__metal_imageblock_implicit_data,3,2,3:2,"__metal_imageblock_implicit_data(_imgblock, index, E())"
__metal_imageblock_implicit_mask_write,4,1,4:1,"__metal_imageblock_implicit_mask_write(_imgblock, coord, color_coverage_mask, &data)"
__metal_imageblock_implicit_read,5,2,5:2,"__metal_imageblock_implicit_read(_imgblock, uint(0), coord, ushort(0), &data)"
__metal_imageblock_implicit_write,5,2,5:2,"__metal_imageblock_implicit_write(_imgblock, uint(0), coord, ushort(0), &data)"
__metal_init_strided_tensor,8,2,6:1;8:2,"__metal_init_strided_tensor(handle(), tensor::get_rank(), add_pointer_t<element_type>(ptr), array<index_type, tensor::get_rank()>{static_cast<index_type>(_exten"
__metal_insert_bits,4,48,4:48,"__metal_insert_bits(base, insert, offset, bits)"
__metal_interpolate_center_no_perspective,2,1,2:1,"__metal_interpolate_center_no_perspective(impl, T())"
__metal_interpolate_center_perspective,2,1,2:1,"__metal_interpolate_center_perspective(impl, T())"
__metal_interpolate_centroid_no_perspective,2,1,2:1,"__metal_interpolate_centroid_no_perspective(impl, T())"
__metal_interpolate_centroid_perspective,2,1,2:1,"__metal_interpolate_centroid_perspective(impl, T())"
__metal_interpolate_offset_no_perspective,3,1,3:1,"__metal_interpolate_offset_no_perspective(impl, offset, T())"
__metal_interpolate_offset_perspective,3,1,3:1,"__metal_interpolate_offset_perspective(impl, offset, T())"
__metal_interpolate_sample_no_perspective,3,1,3:1,"__metal_interpolate_sample_no_perspective(impl, sample, T())"
__metal_interpolate_sample_perspective,3,1,3:1,"__metal_interpolate_sample_perspective(impl, sample, T())"
__metal_intersect,57,2,57:2,"__metal_intersect(_build_intersection_flags(Tags{}...), r.origin, r.direction, r.min_distance, r.max_distance, as.as, mask, time, ft, nullptr, 0, 0, nullptr, pa"
__metal_intersect_direct_access,47,4,47:4,"__metal_intersect_direct_access(_build_intersection_flags(Tags{}...), r.origin, r.direction, r.min_distance, r.max_distance, as.as, mask, time, ft, nullptr, 0, "
__metal_intersection_function_table_t,0,3,0:3,"__metal_intersection_function_table_t()"
__metal_is_candidate_non_opaque_bounding_box_intersection_query,2,1,2:1,"__metal_is_candidate_non_opaque_bounding_box_intersection_query(_build_intersection_flags(Tags{}...), q)"
__metal_is_candidate_triangle_front_facing_intersection_query,2,1,2:1,"__metal_is_candidate_triangle_front_facing_intersection_query(_build_intersection_flags(Tags{}...), derived->q)"
__metal_is_committed_triangle_front_facing_intersection_query,2,1,2:1,"__metal_is_committed_triangle_front_facing_intersection_query(_build_intersection_flags(Tags{}...), derived->q)"
__metal_is_equal_function_handle,2,1,2:1,"__metal_is_equal_function_handle(lhs.f, rhs.f)"
__metal_is_function_constant_defined,1,1,1:1,"__metal_is_function_constant_defined(c)"
__metal_is_null_depth_2d_array_t,1,1,1:1,"__metal_is_null_depth_2d_array_t(tex.t)"
__metal_is_null_depth_2d_ms_array_t,1,1,1:1,"__metal_is_null_depth_2d_ms_array_t(tex.t)"
__metal_is_null_depth_2d_ms_t,1,1,1:1,"__metal_is_null_depth_2d_ms_t(tex.t)"
__metal_is_null_depth_2d_t,1,1,1:1,"__metal_is_null_depth_2d_t(tex.t)"
__metal_is_null_depth_cube_array_t,1,1,1:1,"__metal_is_null_depth_cube_array_t(tex.t)"
__metal_is_null_depth_cube_t,1,1,1:1,"__metal_is_null_depth_cube_t(tex.t)"
__metal_is_null_function_handle,1,1,1:1,"__metal_is_null_function_handle(f.f)"
__metal_is_null_instance_acceleration_structure,1,1,1:1,"__metal_is_null_instance_acceleration_structure(as)"
__metal_is_null_intersection_function_table,1,1,1:1,"__metal_is_null_intersection_function_table(t.t)"
__metal_is_null_primitive_acceleration_structure,1,1,1:1,"__metal_is_null_primitive_acceleration_structure(as)"
__metal_is_null_tensor,1,5,1:5,"__metal_is_null_tensor(t.handle())"
__metal_is_null_texture_1d_array_t,1,1,1:1,"__metal_is_null_texture_1d_array_t(tex.t)"
__metal_is_null_texture_1d_t,1,1,1:1,"__metal_is_null_texture_1d_t(tex.t)"
__metal_is_null_texture_2d_array_t,1,1,1:1,"__metal_is_null_texture_2d_array_t(tex.t)"
__metal_is_null_texture_2d_ms_array_t,1,1,1:1,"__metal_is_null_texture_2d_ms_array_t(tex.t)"
__metal_is_null_texture_2d_ms_t,1,1,1:1,"__metal_is_null_texture_2d_ms_t(tex.t)"
__metal_is_null_texture_2d_t,1,1,1:1,"__metal_is_null_texture_2d_t(tex.t)"
__metal_is_null_texture_3d_t,1,1,1:1,"__metal_is_null_texture_3d_t(tex.t)"
__metal_is_null_texture_buffer_1d_t,1,1,1:1,"__metal_is_null_texture_buffer_1d_t(tex.t)"
__metal_is_null_texture_cube_array_t,1,1,1:1,"__metal_is_null_texture_cube_array_t(tex.t)"
__metal_is_null_texture_cube_t,1,1,1:1,"__metal_is_null_texture_cube_t(tex.t)"
__metal_is_null_visible_function_table,1,1,1:1,"__metal_is_null_visible_function_table(vft.t)"
__metal_is_triangle_front_facing_intersection_result,2,1,2:1,"__metal_is_triangle_front_facing_intersection_result(_build_intersection_flags(Tags{}...), derived->result)"
__metal_is_uniform,1,16,1:16,"__metal_is_uniform(__v)"
__metal_ldexp,3,30,3:30,"__metal_ldexp(x, k, __METAL_FAST_MATH__)"
__metal_load_tensor,4,4,4:4;6:4,"__metal_load_tensor(static_cast<const thread tensor_type *>(this)->handle(), 0, data_handle_type(), value_type())"
__metal_log,2,30,2:30,"__metal_log(x, __METAL_FAST_MATH__)"
__metal_log10,2,30,2:30,"__metal_log10(x, __METAL_FAST_MATH__)"
__metal_log2,2,30,2:30,"__metal_log2(x, __METAL_FAST_MATH__)"
__metal_mad24,3,12,3:12,"__metal_mad24(x, y, z)"
__metal_madhi,3,48,3:48,"__metal_madhi(x, y, z)"
__metal_madsat,3,48,3:48,"__metal_madsat(x, y, z)"
__metal_map_physical_to_screen_coordinates,3,2,3:2,"__metal_map_physical_to_screen_coordinates(coords, reinterpret_cast<constant void *>(&data), layer_index)"
__metal_map_screen_to_physical_coordinates,3,2,3:2,"__metal_map_screen_to_physical_coordinates(coords, reinterpret_cast<constant void *>(&data), layer_index)"
__metal_max,2,48,2:48,"__metal_max(x, y)"
__metal_max3,3,48,3:48,"__metal_max3(x, y, z)"
__metal_median3,3,48,3:48,"__metal_median3(x, y, z)"
__metal_min,2,48,2:48,"__metal_min(x, y)"
__metal_min3,3,48,3:48,"__metal_min3(x, y, z)"
__metal_mix,3,18,3:18,"__metal_mix(x, y, a)"
__metal_mul24,2,12,2:12,"__metal_mul24(x, y)"
__metal_mulhi,2,48,2:48,"__metal_mulhi(x, y)"
__metal_next_intersection_query,3,1,3:1,"__metal_next_intersection_query(_build_intersection_flags(Tags{}...), q, #if defined(__HAVE_RAYTRACING_MULTI_LEVEL_INSTANCING__) __has_max_levels(Tags{}...) ? _"
__metal_nextafter,2,30,2:30,"__metal_nextafter(x, y)"
__metal_os_log,6,6,6:6,"__metal_os_log(subsystem(), category(), int(type), format, args, METAL_VALIST_SIZE)"
__metal_pack_snorm1x16,1,1,1:1,"__metal_pack_snorm1x16(data)"
__metal_pack_snorm1x8,1,1,1:1,"__metal_pack_snorm1x8(data)"
__metal_pack_snorm2x16,1,3,1:3,"__metal_pack_snorm2x16(x)"
__metal_pack_snorm2x8,1,1,1:1,"__metal_pack_snorm2x8(data)"
__metal_pack_snorm4x16,1,1,1:1,"__metal_pack_snorm4x16(data)"
__metal_pack_snorm4x8,1,3,1:3,"__metal_pack_snorm4x8(x)"
__metal_pack_snorm_rgb10a2,1,2,1:2,"__metal_pack_snorm_rgb10a2(x)"
__metal_pack_unorm1x16,1,1,1:1,"__metal_pack_unorm1x16(data)"
__metal_pack_unorm1x8,1,1,1:1,"__metal_pack_unorm1x8(data)"
__metal_pack_unorm2x16,1,3,1:3,"__metal_pack_unorm2x16(x)"
__metal_pack_unorm2x8,1,1,1:1,"__metal_pack_unorm2x8(data)"
__metal_pack_unorm4x16,1,1,1:1,"__metal_pack_unorm4x16(data)"
__metal_pack_unorm4x8,1,3,1:3,"__metal_pack_unorm4x8(x)"
__metal_pack_unorm4x8_srgb,1,3,1:3,"__metal_pack_unorm4x8_srgb(x)"
__metal_pack_unorm_rg11b10f,1,1,1:1,"__metal_pack_unorm_rg11b10f(data)"
__metal_pack_unorm_rgb10a2,1,3,1:3,"__metal_pack_unorm_rgb10a2(x)"
__metal_pack_unorm_rgb565,1,2,1:2,"__metal_pack_unorm_rgb565(x)"
__metal_pack_unorm_rgb9e5,1,1,1:1,"__metal_pack_unorm_rgb9e5(data)"
__metal_popcount,1,48,1:48,"__metal_popcount(x)"
__metal_pow,3,30,3:30,"__metal_pow(x, y, __METAL_FAST_MATH__)"
__metal_powr,3,30,3:30,"__metal_powr(x, y, __METAL_FAST_MATH__)"
__metal_quad_active_threads_mask,0,1,0:1,"__metal_quad_active_threads_mask()"
__metal_quad_all,1,1,1:1,"__metal_quad_all(expr)"
__metal_quad_and,1,1,1:1,"__metal_quad_and(data)"
__metal_quad_any,1,1,1:1,"__metal_quad_any(expr)"
__metal_quad_ballot,1,1,1:1,"__metal_quad_ballot(expr)"
__metal_quad_broadcast,2,1,2:1,"__metal_quad_broadcast(data, broadcast_lane_id)"
__metal_quad_broadcast_first,1,1,1:1,"__metal_quad_broadcast_first(data)"
__metal_quad_is_first,0,1,0:1,"__metal_quad_is_first()"
__metal_quad_is_helper_thread,0,1,0:1,"__metal_quad_is_helper_thread()"
__metal_quad_max,1,1,1:1,"__metal_quad_max(data)"
__metal_quad_min,1,1,1:1,"__metal_quad_min(data)"
__metal_quad_or,1,1,1:1,"__metal_quad_or(data)"
__metal_quad_prefix_exclusive_product,1,1,1:1,"__metal_quad_prefix_exclusive_product(data)"
__metal_quad_prefix_exclusive_sum,1,1,1:1,"__metal_quad_prefix_exclusive_sum(data)"
__metal_quad_prefix_inclusive_product,1,1,1:1,"__metal_quad_prefix_inclusive_product(data)"
__metal_quad_prefix_inclusive_sum,1,1,1:1,"__metal_quad_prefix_inclusive_sum(data)"
__metal_quad_product,1,1,1:1,"__metal_quad_product(data)"
__metal_quad_shuffle,2,1,2:1,"__metal_quad_shuffle(data, quad_lane_id)"
__metal_quad_shuffle_and_fill_down,4,2,4:2,"__metal_quad_shuffle_and_fill_down(data, filling_data, delta, modulo)"
__metal_quad_shuffle_and_fill_up,4,2,4:2,"__metal_quad_shuffle_and_fill_up(data, filling_data, delta, modulo)"
__metal_quad_shuffle_down,2,1,2:1,"__metal_quad_shuffle_down(data, delta)"
__metal_quad_shuffle_rotate_down,2,1,2:1,"__metal_quad_shuffle_rotate_down(data, delta)"
__metal_quad_shuffle_rotate_up,2,1,2:1,"__metal_quad_shuffle_rotate_up(data, delta)"
__metal_quad_shuffle_up,2,1,2:1,"__metal_quad_shuffle_up(data, delta)"
__metal_quad_shuffle_xor,2,1,2:1,"__metal_quad_shuffle_xor(data, mask)"
__metal_quad_sum,1,1,1:1,"__metal_quad_sum(data)"
__metal_quad_vote_all,1,1,1:1,"__metal_quad_vote_all(v)"
__metal_quad_vote_any,1,1,1:1,"__metal_quad_vote_any(v)"
__metal_quad_xor,1,1,1:1,"__metal_quad_xor(data)"
__metal_read_depth_2d_array_t,9,24,9:24,"__metal_read_depth_2d_array_t(derived.t, __metal_get_read_sampler(), coord, array, ushort2(0), lod, int(a), int(c), static_cast<thread bool*>(nullptr))"
__metal_read_depth_2d_ms_array_t,8,24,8:24,"__metal_read_depth_2d_ms_array_t(derived.t, __metal_get_read_sampler(), coord, array, sample, int(a), int(c), static_cast<thread bool*>(nullptr))"
__metal_read_depth_2d_ms_t,7,24,7:24,"__metal_read_depth_2d_ms_t(derived.t, __metal_get_read_sampler(), coord, sample, int(a), int(c), static_cast<thread bool*>(nullptr))"
__metal_read_depth_2d_t,8,24,8:24,"__metal_read_depth_2d_t(derived.t, __metal_get_read_sampler(), coord, ushort2(0), lod, int(a), int(c), static_cast<thread bool*>(nullptr))"
__metal_read_depth_cube_array_t,9,24,9:24,"__metal_read_depth_cube_array_t(derived.t, __metal_get_read_sampler(), coord, face, array, lod, int(a), int(c), static_cast<thread bool*>(nullptr))"
__metal_read_depth_cube_t,8,24,8:24,"__metal_read_depth_cube_t(derived.t, __metal_get_read_sampler(), coord, face, lod, int(a), int(c), static_cast<thread bool*>(nullptr))"
__metal_read_texture_1d_array_t,10,24,10:24,"__metal_read_texture_1d_array_t(derived.t, __metal_get_read_sampler(), coord, array, lod, int(a), int(c), static_cast<thread bool*>(nullptr), vec<T, 4>())"
__metal_read_texture_1d_t,9,24,9:24,"__metal_read_texture_1d_t(derived.t, __metal_get_read_sampler(), coord, lod, int(a), int(c), static_cast<thread bool*>(nullptr), vec<T, 4>())"
__metal_read_texture_2d_array_t,11,24,11:24,"__metal_read_texture_2d_array_t(derived.t, __metal_get_read_sampler(), coord, array, ushort2(0), lod, int(a), int(c), static_cast<thread bool*>(nullptr), vec<T,"
__metal_read_texture_2d_ms_array_t,10,24,10:24,"__metal_read_texture_2d_ms_array_t(derived.t, __metal_get_read_sampler(), coord, array, sample, int(a), int(c), static_cast<thread bool*>(nullptr), vec<T, 4>())"
__metal_read_texture_2d_ms_t,9,24,9:24,"__metal_read_texture_2d_ms_t(derived.t, __metal_get_read_sampler(), coord, sample, int(a), int(c), static_cast<thread bool*>(nullptr), vec<T, 4>())"
__metal_read_texture_2d_t,10,24,10:24,"__metal_read_texture_2d_t(derived.t, __metal_get_read_sampler(), coord, ushort2(0), lod, int(a), int(c), static_cast<thread bool*>(nullptr), vec<T, 4>())"
__metal_read_texture_3d_t,10,24,10:24,"__metal_read_texture_3d_t(derived.t, __metal_get_read_sampler(), coord, ushort3(0), lod, int(a), int(c), static_cast<thread bool*>(nullptr), vec<T, 4>())"
__metal_read_texture_buffer_1d_t,8,12,8:12,"__metal_read_texture_buffer_1d_t(derived.t, __metal_get_read_sampler(), coord, int(a), int(c), static_cast<thread bool*>(nullptr), vec<T, 4>())"
__metal_read_texture_cube_array_t,11,24,11:24,"__metal_read_texture_cube_array_t(derived.t, __metal_get_read_sampler(), coord, face, array, lod, int(a), int(c), static_cast<thread bool*>(nullptr), vec<T, 4>("
__metal_read_texture_cube_t,10,24,10:24,"__metal_read_texture_cube_t(derived.t, __metal_get_read_sampler(), coord, face, lod, int(a), int(c), static_cast<thread bool*>(nullptr), vec<T, 4>())"
__metal_release_intersect_payload,3,2,3:2,"__metal_release_intersect_payload(_build_intersection_flags(Tags{}...), out_payload_ptr, sizeof(P))"
__metal_release_intersection_result,2,4,2:4,"__metal_release_intersection_result(_build_intersection_flags(Tags{}...), result_ref)"
__metal_reset_compute_command,2,1,2:1,"__metal_reset_compute_command(icb, icb_index)"
__metal_reset_intersection_query,22,1,22:1,"__metal_reset_intersection_query(_build_intersection_flags(Tags{}...), derived->q, r.origin, r.direction, r.min_distance, r.max_distance, as.as, mask, static_ca"
__metal_reset_render_command,2,1,2:1,"__metal_reset_render_command(icb, icb_index)"
__metal_reverse_bits,1,48,1:48,"__metal_reverse_bits(x)"
__metal_rhadd,2,48,2:48,"__metal_rhadd(x, y)"
__metal_rint,2,30,2:30,"__metal_rint(x, __METAL_FAST_MATH__)"
__metal_rotate,2,48,2:48,"__metal_rotate(x, y)"
__metal_round,2,30,2:30,"__metal_round(x, __METAL_FAST_MATH__)"
__metal_rsqrt,2,30,2:30,"__metal_rsqrt(x, __METAL_FAST_MATH__)"
__metal_sample_compare_depth_2d_array_t,12,60,12:60,"__metal_sample_compare_depth_2d_array_t(derived.t, s.val, coord, array, compare_value, true, offset, false, 0.0f, 0.0f, int(a), static_cast<thread bool*>(nullpt"
__metal_sample_compare_depth_2d_array_t_grad,12,24,12:24,"__metal_sample_compare_depth_2d_array_t_grad(derived.t, s.val, coord, array, compare_value, options.dPdx, options.dPdy, 0.0f, true, offset, int(a), static_cast<"
__metal_sample_compare_depth_2d_t,11,60,11:60,"__metal_sample_compare_depth_2d_t(derived.t, s.val, coord, compare_value, true, offset, false, 0.0f, 0.0f, int(a), static_cast<thread bool*>(nullptr))"
__metal_sample_compare_depth_2d_t_grad,11,24,11:24,"__metal_sample_compare_depth_2d_t_grad(derived.t, s.val, coord, compare_value, options.dPdx, options.dPdy, 0.0f, true, offset, int(a), static_cast<thread bool*>"
__metal_sample_compare_depth_cube_array_t,10,60,10:60,"__metal_sample_compare_depth_cube_array_t(derived.t, s.val, coord, array, compare_value, false, 0.0f, 0.0f, int(a), static_cast<thread bool*>(nullptr))"
__metal_sample_compare_depth_cube_array_t_grad,10,24,10:24,"__metal_sample_compare_depth_cube_array_t_grad(derived.t, s.val, coord, array, compare_value, options.dPdx, options.dPdy, 0.0f, int(a), static_cast<thread bool*"
__metal_sample_compare_depth_cube_t,9,60,9:60,"__metal_sample_compare_depth_cube_t(derived.t, s.val, coord, compare_value, false, 0.0f, 0.0f, int(a), static_cast<thread bool*>(nullptr))"
__metal_sample_compare_depth_cube_t_grad,9,24,9:24,"__metal_sample_compare_depth_cube_t_grad(derived.t, s.val, coord, compare_value, options.dPdx, options.dPdy, 0.0f, int(a), static_cast<thread bool*>(nullptr))"
__metal_sample_depth_2d_array_t,11,60,11:60,"__metal_sample_depth_2d_array_t(derived.t, s.val, coord, array, true, offset, false, 0.0f, 0.0f, int(a), static_cast<thread bool*>(nullptr))"
__metal_sample_depth_2d_array_t_grad,11,24,11:24,"__metal_sample_depth_2d_array_t_grad(derived.t, s.val, coord, array, options.dPdx, options.dPdy, 0.0f, true, offset, int(a), static_cast<thread bool*>(nullptr))"
__metal_sample_depth_2d_t,10,60,10:60,"__metal_sample_depth_2d_t(derived.t, s.val, coord, true, offset, false, 0.0f, 0.0f, int(a), static_cast<thread bool*>(nullptr))"
__metal_sample_depth_2d_t_grad,10,24,10:24,"__metal_sample_depth_2d_t_grad(derived.t, s.val, coord, options.dPdx, options.dPdy, 0.0f, true, offset, int(a), static_cast<thread bool*>(nullptr))"
__metal_sample_depth_cube_array_t,9,60,9:60,"__metal_sample_depth_cube_array_t(derived.t, s.val, coord, array, false, 0.0f, 0.0f, int(a), static_cast<thread bool*>(nullptr))"
__metal_sample_depth_cube_array_t_grad,9,24,9:24,"__metal_sample_depth_cube_array_t_grad(derived.t, s.val, coord, array, options.dPdx, options.dPdy, 0.0f, int(a), static_cast<thread bool*>(nullptr))"
__metal_sample_depth_cube_t,8,60,8:60,"__metal_sample_depth_cube_t(derived.t, s.val, coord, false, 0.0f, 0.0f, int(a), static_cast<thread bool*>(nullptr))"
__metal_sample_depth_cube_t_grad,8,24,8:24,"__metal_sample_depth_cube_t_grad(derived.t, s.val, coord, options.dPdx, options.dPdy, 0.0f, int(a), static_cast<thread bool*>(nullptr))"
__metal_sample_texture_1d_array_t,13,12,13:12,"__metal_sample_texture_1d_array_t(derived.t, s.val, coord, array, false, 0, false, 0.0f, 0.0f, int(a), static_cast<thread bool*>(nullptr), vec<T, 4>())"
__metal_sample_texture_1d_t,12,12,12:12,"__metal_sample_texture_1d_t(derived.t, s.val, coord, false, 0, false, 0.0f, 0.0f, int(a), static_cast<thread bool *>(nullptr), vec<T, 4>())"
__metal_sample_texture_2d_array_t,13,60,13:60,"__metal_sample_texture_2d_array_t(derived.t, s.val, coord, array, true, offset, false, 0.0f, 0.0f, int(a), static_cast<thread bool*>(nullptr), vec<T, 4>())"
__metal_sample_texture_2d_array_t_grad,13,24,13:24,"__metal_sample_texture_2d_array_t_grad(derived.t, s.val, coord, array, options.dPdx, options.dPdy, 0.0f, true, offset, int(a), static_cast<thread bool*>(nullptr"
__metal_sample_texture_2d_t,12,60,12:60,"__metal_sample_texture_2d_t(derived.t, s.val, coord, true, offset, false, 0.0f, 0.0f, int(a), static_cast<thread bool*>(nullptr), vec<T, 4>())"
__metal_sample_texture_2d_t_grad,12,24,12:24,"__metal_sample_texture_2d_t_grad(derived.t, s.val, coord, options.dPdx, options.dPdy, 0.0f, true, offset, int(a), static_cast<thread bool*>(nullptr), vec<T, 4>("
__metal_sample_texture_3d_t,12,60,12:60,"__metal_sample_texture_3d_t(derived.t, s.val, coord, true, offset, false, 0.0f, 0.0f, int(a), static_cast<thread bool*>(nullptr), vec<T, 4>())"
__metal_sample_texture_3d_t_grad,12,24,12:24,"__metal_sample_texture_3d_t_grad(derived.t, s.val, coord, options.dPdx, options.dPdy, 0.0f, true, offset, int(a), static_cast<thread bool*>(nullptr), vec<T, 4>("
__metal_sample_texture_cube_array_t,11,60,11:60,"__metal_sample_texture_cube_array_t(derived.t, s.val, coord, array, false, 0.0f, 0.0f, int(a), static_cast<thread bool*>(nullptr), vec<T, 4>())"
__metal_sample_texture_cube_array_t_grad,11,24,11:24,"__metal_sample_texture_cube_array_t_grad(derived.t, s.val, coord, array, options.dPdx, options.dPdy, 0.0f, int(a), static_cast<thread bool*>(nullptr), vec<T, 4>"
__metal_sample_texture_cube_t,10,60,10:60,"__metal_sample_texture_cube_t(derived.t, s.val, coord, false, 0.0f, 0.0f, int(a), static_cast<thread bool*>(nullptr), vec<T, 4>())"
__metal_sample_texture_cube_t_grad,10,24,10:24,"__metal_sample_texture_cube_t_grad(derived.t, s.val, coord, options.dPdx, options.dPdy, 0.0f, int(a), static_cast<thread bool*>(nullptr), vec<T, 4>())"
__metal_saturate,2,30,2:30,"__metal_saturate(x, __METAL_FAST_MATH__)"
__metal_select,4,150,4:150,"__metal_select(t, float(0), t < float(0) || x == y, __METAL_FAST_MATH__)"
__metal_set_barrier_compute_command,2,1,2:1,"__metal_set_barrier_compute_command(icb, icb_index)"
__metal_set_barrier_render_command,2,1,2:1,"__metal_set_barrier_render_command(icb, icb_index)"
__metal_set_buffer_intersection_function_table,3,12,3:12,"__metal_set_buffer_intersection_function_table(t, buf, index)"
__metal_set_cull_mode_render_command,3,1,3:1,"__metal_set_cull_mode_render_command(icb, icb_index, uint(mode))"
__metal_set_depth_bias_render_command,5,1,5:1,"__metal_set_depth_bias_render_command(icb, icb_index, bias, slope_scale, clamp)"
__metal_set_depth_clip_mode_render_command,3,1,3:1,"__metal_set_depth_clip_mode_render_command(icb, icb_index, uint(mode))"
__metal_set_depth_stencil_state_render_command,3,1,3:1,"__metal_set_depth_stencil_state_render_command(icb, icb_index, state.s)"
__metal_set_fragment_buffer_render_command,4,2,4:2,"__metal_set_fragment_buffer_render_command(icb, icb_index, static_cast<device void *>(const_cast<device remove_const_t<T> *>(buffer)), index)"
__metal_set_front_facing_winding_render_command,3,1,3:1,"__metal_set_front_facing_winding_render_command(icb, icb_index, uint(w))"
__metal_set_imageblock_size_compute_command,3,1,3:1,"__metal_set_imageblock_size_compute_command(icb, icb_index, size)"
__metal_set_index_mesh,3,1,3:1,"__metal_set_index_mesh(m, i, v)"
__metal_set_indices_mesh,3,2,3:2,"__metal_set_indices_mesh(m, i, v)"
__metal_set_kernel_buffer_compute_command,5,4,5:4,"__metal_set_kernel_buffer_compute_command(icb, icb_index, static_cast<device void *>(const_cast<device remove_const_t<T> *>(buffer)), ~size_t(0), index)"
__metal_set_mesh_buffer_render_command,4,2,4:2,"__metal_set_mesh_buffer_render_command(icb, icb_index, static_cast<device void *>(const_cast<device remove_const_t<T> *>(buffer)), index)"
__metal_set_object_buffer_render_command,4,2,4:2,"__metal_set_object_buffer_render_command(icb, icb_index, static_cast<device void *>(const_cast<device remove_const_t<T> *>(buffer)), index)"
__metal_set_object_threadgroup_memory_length_render_command,4,1,4:1,"__metal_set_object_threadgroup_memory_length_render_command(icb, icb_index, length, idx)"
__metal_set_pipeline_state_compute_command,3,1,3:1,"__metal_set_pipeline_state_compute_command(icb, icb_index, pipeline_state.t)"
__metal_set_pipeline_state_render_command,3,1,3:1,"__metal_set_pipeline_state_render_command(icb, icb_index, pipeline_state.t)"
__metal_set_primitive_count_mesh,2,1,2:1,"__metal_set_primitive_count_mesh(m, n)"
__metal_set_primitive_mesh,3,1,3:1,"__metal_set_primitive_mesh(derived->m, i, p)"
__metal_set_stage_in_region_compute_command,4,1,4:1,"__metal_set_stage_in_region_compute_command(icb, icb_index, origin, size)"
__metal_set_threadgroup_memory_length_compute_command,4,1,4:1,"__metal_set_threadgroup_memory_length_compute_command(icb, icb_index, length, idx)"
__metal_set_threadgroups_per_grid_mesh_grid_properties,2,1,2:1,"__metal_set_threadgroups_per_grid_mesh_grid_properties(p, tgs)"
__metal_set_triangle_fill_mode_render_command,3,1,3:1,"__metal_set_triangle_fill_mode_render_command(icb, icb_index, uint(mode))"
__metal_set_vertex_buffer_render_command,5,4,5:4,"__metal_set_vertex_buffer_render_command(icb, icb_index, static_cast<device void *>(const_cast<device remove_const_t<T> *>(buffer)), ~size_t(0), index)"
__metal_set_vertex_mesh,3,1,3:1,"__metal_set_vertex_mesh(derived->m, i, v)"
__metal_set_visible_function_table_intersection_function_table,3,6,3:6,"__metal_set_visible_function_table_intersection_function_table(t, vft.__get_opaque_handle(), index)"
__metal_sign,1,18,1:18,"__metal_sign(x)"
__metal_simd_active_threads_mask,1,1,1:1,"__metal_simd_active_threads_mask(simd_vote::vote_t(0))"
__metal_simd_all,1,1,1:1,"__metal_simd_all(expr)"
__metal_simd_and,1,1,1:1,"__metal_simd_and(data)"
__metal_simd_any,1,1,1:1,"__metal_simd_any(expr)"
__metal_simd_ballot,2,1,2:1,"__metal_simd_ballot(expr, simd_vote::vote_t(0))"
__metal_simd_broadcast,2,1,2:1,"__metal_simd_broadcast(data, broadcast_lane_id)"
__metal_simd_broadcast_first,1,1,1:1,"__metal_simd_broadcast_first(data)"
__metal_simd_is_first,0,1,0:1,"__metal_simd_is_first()"
__metal_simd_is_helper_thread,0,1,0:1,"__metal_simd_is_helper_thread()"
__metal_simd_max,1,1,1:1,"__metal_simd_max(data)"
__metal_simd_min,1,1,1:1,"__metal_simd_min(data)"
__metal_simd_or,1,1,1:1,"__metal_simd_or(data)"
__metal_simd_prefix_exclusive_product,1,1,1:1,"__metal_simd_prefix_exclusive_product(data)"
__metal_simd_prefix_exclusive_sum,1,1,1:1,"__metal_simd_prefix_exclusive_sum(data)"
__metal_simd_prefix_inclusive_product,1,1,1:1,"__metal_simd_prefix_inclusive_product(data)"
__metal_simd_prefix_inclusive_sum,1,1,1:1,"__metal_simd_prefix_inclusive_sum(data)"
__metal_simd_product,1,1,1:1,"__metal_simd_product(data)"
__metal_simd_shuffle,2,1,2:1,"__metal_simd_shuffle(data, simd_lane_id)"
__metal_simd_shuffle_and_fill_down,4,2,4:2,"__metal_simd_shuffle_and_fill_down(data, filling_data, delta, modulo)"
__metal_simd_shuffle_and_fill_up,4,2,4:2,"__metal_simd_shuffle_and_fill_up(data, filling_data, delta, modulo)"
__metal_simd_shuffle_down,2,1,2:1,"__metal_simd_shuffle_down(data, delta)"
__metal_simd_shuffle_rotate_down,2,1,2:1,"__metal_simd_shuffle_rotate_down(data, delta)"
__metal_simd_shuffle_rotate_up,2,1,2:1,"__metal_simd_shuffle_rotate_up(data, delta)"
__metal_simd_shuffle_up,2,1,2:1,"__metal_simd_shuffle_up(data, delta)"
__metal_simd_shuffle_xor,2,1,2:1,"__metal_simd_shuffle_xor(data, mask)"
__metal_simd_sum,1,1,1:1,"__metal_simd_sum(data)"
__metal_simd_vote_all,1,1,1:1,"__metal_simd_vote_all(v)"
__metal_simd_vote_any,1,1,1:1,"__metal_simd_vote_any(v)"
__metal_simd_xor,1,1,1:1,"__metal_simd_xor(data)"
__metal_simdgroup_barrier,2,2,2:2,"__metal_simdgroup_barrier(int(flags), int(scope))"
__metal_simdgroup_matrix_8x8_init_diag,1,1,1:1,"__metal_simdgroup_matrix_8x8_init_diag(value)"
__metal_simdgroup_matrix_8x8_init_filled,1,1,1:1,"__metal_simdgroup_matrix_8x8_init_filled(value)"
__metal_simdgroup_matrix_8x8_load,5,2,5:2,"__metal_simdgroup_matrix_8x8_load(src, elements_per_row, matrix_origin, transpose_matrix, B)"
__metal_simdgroup_matrix_8x8_multiply_accumulate,6,1,6:1,"__metal_simdgroup_matrix_8x8_multiply_accumulate(a.thread_elements(), b.thread_elements(), c.thread_elements(), _simdgroup_matrix_storage_type_t<R, 8, 8>())"
__metal_simdgroup_matrix_8x8_store,6,2,6:2,"__metal_simdgroup_matrix_8x8_store(a.thread_elements(), dst, elements_per_row, matrix_origin, transpose_matrix, B)"
__metal_sin,2,30,2:30,"__metal_sin(x, __METAL_FAST_MATH__)"
__metal_sincos,3,30,3:30,"__metal_sincos(x, &cosval, __METAL_FAST_MATH__)"
__metal_sinh,2,30,2:30,"__metal_sinh(x, __METAL_FAST_MATH__)"
__metal_sinpi,2,30,2:30,"__metal_sinpi(x, __METAL_FAST_MATH__)"
__metal_slice_tensor,6,15,6:15;7:8,"__metal_slice_tensor(handle(), other.handle(), tensor::get_rank(), nullptr, nullptr, index_type())"
__metal_sqrt,2,30,2:30,"__metal_sqrt(x, __METAL_FAST_MATH__)"
__metal_store_tensor,4,4,4:4;6:4,"__metal_store_tensor(static_cast<const thread tensor_type *>(this)->handle(), 0, data_handle_type(), v)"
__metal_struct_has_render_target,3,1,3:1,"__metal_struct_has_render_target(index, (thread E *)nullptr, (thread T *)nullptr)"
__metal_subsat,2,48,2:48,"__metal_subsat(x, y)"
__metal_tan,2,30,2:30,"__metal_tan(x, __METAL_FAST_MATH__)"
__metal_tanh,2,30,2:30,"__metal_tanh(x, __METAL_FAST_MATH__)"
__metal_tanpi,2,30,2:30,"__metal_tanpi(x, __METAL_FAST_MATH__)"
__metal_trunc,2,60,2:60,"__metal_trunc(x, __METAL_FAST_MATH__)"
__metal_unpack_snorm1x16,2,1,2:1,"__metal_unpack_snorm1x16(data, T())"
__metal_unpack_snorm1x8,2,1,2:1,"__metal_unpack_snorm1x8(data, T())"
__metal_unpack_snorm2x16,2,3,2:3,"__metal_unpack_snorm2x16(x, float2())"
__metal_unpack_snorm2x8,2,1,2:1,"__metal_unpack_snorm2x8(data, T())"
__metal_unpack_snorm4x16,2,1,2:1,"__metal_unpack_snorm4x16(data, T())"
__metal_unpack_snorm4x8,2,3,2:3,"__metal_unpack_snorm4x8(x, float4())"
__metal_unpack_snorm_rgb10a2,2,2,2:2,"__metal_unpack_snorm_rgb10a2(x, float4())"
__metal_unpack_unorm1x16,2,1,2:1,"__metal_unpack_unorm1x16(data, T())"
__metal_unpack_unorm1x8,2,1,2:1,"__metal_unpack_unorm1x8(data, T())"
__metal_unpack_unorm2x16,2,3,2:3,"__metal_unpack_unorm2x16(x, float2())"
__metal_unpack_unorm2x8,2,1,2:1,"__metal_unpack_unorm2x8(data, T())"
__metal_unpack_unorm4x16,2,1,2:1,"__metal_unpack_unorm4x16(data, T())"
__metal_unpack_unorm4x8,2,3,2:3,"__metal_unpack_unorm4x8(x, float4())"
__metal_unpack_unorm4x8_srgb,2,3,2:3,"__metal_unpack_unorm4x8_srgb(x, float4())"
__metal_unpack_unorm_rg11b10f,2,1,2:1,"__metal_unpack_unorm_rg11b10f(data, T())"
__metal_unpack_unorm_rgb10a2,2,3,2:3,"__metal_unpack_unorm_rgb10a2(x, float4())"
__metal_unpack_unorm_rgb565,2,2,2:2,"__metal_unpack_unorm_rgb565(x, float3())"
__metal_unpack_unorm_rgb9e5,2,1,2:1,"__metal_unpack_unorm_rgb9e5(data, T())"
__metal_wg_barrier,2,2,2:2,"__metal_wg_barrier(int(flags), int(scope))"
__metal_write_imageblock_slice_to_texture_1d_array_t,11,12,11:12,"__metal_write_imageblock_slice_to_texture_1d_array_t(derived.t, slice._imgblkptr, slice._size_valid, slice._size, coord, array, lod, is_same_v<L, imageblock_lay"
__metal_write_imageblock_slice_to_texture_1d_t,10,12,10:12,"__metal_write_imageblock_slice_to_texture_1d_t(derived.t, slice._imgblkptr, slice._size_valid, slice._size, coord, lod, is_same_v<L, imageblock_layout_implicit>"
__metal_write_imageblock_slice_to_texture_2d_array_t,11,12,11:12,"__metal_write_imageblock_slice_to_texture_2d_array_t(derived.t, slice._imgblkptr, slice._size_valid, slice._size, coord, array, lod, is_same_v<L, imageblock_lay"
__metal_write_imageblock_slice_to_texture_2d_t,10,12,10:12,"__metal_write_imageblock_slice_to_texture_2d_t(derived.t, slice._imgblkptr, slice._size_valid, slice._size, coord, lod, is_same_v<L, imageblock_layout_implicit>"
__metal_write_imageblock_slice_to_texture_3d_t,10,12,10:12,"__metal_write_imageblock_slice_to_texture_3d_t(derived.t, slice._imgblkptr, slice._size_valid, slice._size, coord, lod, is_same_v<L, imageblock_layout_implicit>"
__metal_write_imageblock_slice_to_texture_cube_array_t,12,12,12:12,"__metal_write_imageblock_slice_to_texture_cube_array_t(derived.t, slice._imgblkptr, slice._size_valid, slice._size, coord, face, array, lod, is_same_v<L, imageb"
__metal_write_imageblock_slice_to_texture_cube_t,11,12,11:12,"__metal_write_imageblock_slice_to_texture_cube_t(derived.t, slice._imgblkptr, slice._size_valid, slice._size, coord, face, lod, is_same_v<L, imageblock_layout_i"
__metal_write_texture_1d_array_t,8,12,8:12,"__metal_write_texture_1d_array_t(derived.t, coord, array, color, lod, int(a), int(c), __METAL_TEXTURE_WRITE_ROUNDING_MODE__)"
__metal_write_texture_1d_t,7,12,7:12,"__metal_write_texture_1d_t(derived.t, coord, color, lod, int(a), int(c), __METAL_TEXTURE_WRITE_ROUNDING_MODE__)"
__metal_write_texture_2d_array_t,8,12,8:12,"__metal_write_texture_2d_array_t(derived.t, coord, array, color, lod, int(a), int(c), __METAL_TEXTURE_WRITE_ROUNDING_MODE__)"
__metal_write_texture_2d_t,7,12,7:12,"__metal_write_texture_2d_t(derived.t, coord, color, lod, int(a), int(c), __METAL_TEXTURE_WRITE_ROUNDING_MODE__)"
__metal_write_texture_3d_t,7,12,7:12,"__metal_write_texture_3d_t(derived.t, coord, color, lod, int(a), int(c), __METAL_TEXTURE_WRITE_ROUNDING_MODE__)"
__metal_write_texture_buffer_1d_t,6,12,6:12,"__metal_write_texture_buffer_1d_t(derived.t, coord, color, int(a), int(c), __METAL_TEXTURE_WRITE_ROUNDING_MODE__)"
__metal_write_texture_cube_array_t,9,12,9:12,"__metal_write_texture_cube_array_t(derived.t, coord, face, array, color, lod, int(a), int(c), __METAL_TEXTURE_WRITE_ROUNDING_MODE__)"
__metal_write_texture_cube_t,8,12,8:12,"__metal_write_texture_cube_t(derived.t, coord, face, color, lod, int(a), int(c), __METAL_TEXTURE_WRITE_ROUNDING_MODE__)"
